-- --------------------------------------------------------
-- Host:                         139.99.238.79
-- Server version:               10.5.5-MariaDB - mariadb.org binary distribution
-- Server OS:                    Win64
-- HeidiSQL Version:             11.0.0.5919
-- --------------------------------------------------------

/*!40101 SET @OLD_CHARACTER_SET_CLIENT=@@CHARACTER_SET_CLIENT */;
/*!40101 SET NAMES utf8 */;
/*!50503 SET NAMES utf8mb4 */;
/*!40014 SET @OLD_FOREIGN_KEY_CHECKS=@@FOREIGN_KEY_CHECKS, FOREIGN_KEY_CHECKS=0 */;
/*!40101 SET @OLD_SQL_MODE=@@SQL_MODE, SQL_MODE='NO_AUTO_VALUE_ON_ZERO' */;


-- Dumping database structure for essentialmode1
CREATE DATABASE IF NOT EXISTS `essentialmode1` /*!40100 DEFAULT CHARACTER SET utf8mb4 */;
USE `essentialmode1`;

-- Dumping structure for table essentialmode1.addon_account
CREATE TABLE IF NOT EXISTS `addon_account` (
  `name` varchar(60) NOT NULL,
  `label` varchar(100) NOT NULL,
  `shared` int(11) NOT NULL,
  PRIMARY KEY (`name`)
) ENGINE=InnoDB DEFAULT CHARSET=utf8mb4;

-- Dumping data for table essentialmode1.addon_account: ~8 rows (approximately)
/*!40000 ALTER TABLE `addon_account` DISABLE KEYS */;
INSERT IGNORE INTO `addon_account` (`name`, `label`, `shared`) VALUES
	('caution', 'caution', 0),
	('society_ambulance', 'EMS', 1),
	('society_cardealer', 'Cardealer', 1),
	('society_cardealerluxury', 'Cardealerluxury', 1),
	('society_mafia', 'Mafia', 1),
	('society_mecano', 'Mechanic', 1),
	('society_police', 'Police', 1),
	('society_taxi', 'Taxi', 1);
/*!40000 ALTER TABLE `addon_account` ENABLE KEYS */;

-- Dumping structure for table essentialmode1.addon_account_data
CREATE TABLE IF NOT EXISTS `addon_account_data` (
  `id` int(11) NOT NULL AUTO_INCREMENT,
  `account_name` varchar(100) DEFAULT NULL,
  `money` int(11) NOT NULL,
  `owner` varchar(40) DEFAULT NULL,
  PRIMARY KEY (`id`),
  UNIQUE KEY `index_addon_account_data_account_name_owner` (`account_name`,`owner`),
  KEY `index_addon_account_data_account_name` (`account_name`)
) ENGINE=InnoDB AUTO_INCREMENT=226 DEFAULT CHARSET=utf8mb4;

-- Dumping data for table essentialmode1.addon_account_data: ~41 rows (approximately)
/*!40000 ALTER TABLE `addon_account_data` DISABLE KEYS */;
INSERT IGNORE INTO `addon_account_data` (`id`, `account_name`, `money`, `owner`) VALUES
	(1, 'society_ambulance', 10000000, NULL),
	(2, 'society_cardealer', 10000000, NULL),
	(3, 'society_mafia', 10000000, NULL),
	(4, 'society_mecano', 10014886, NULL),
	(5, 'society_police', 10012515, NULL),
	(6, 'society_taxi', 10000000, NULL),
	(191, 'caution', 0, 'steam:1100001158e7aa7'),
	(192, 'caution', 0, 'steam:11000010c61fbef'),
	(193, 'caution', 0, 'steam:110000118eb310f'),
	(194, 'caution', 0, 'steam:110000131ed12ae'),
	(195, 'caution', 0, 'steam:110000116123d10'),
	(196, 'caution', 0, 'steam:110000132a6cb5f'),
	(197, 'society_cardealerluxury', 9653000, NULL),
	(198, 'caution', 0, 'steam:11000011c7c4cae'),
	(199, 'caution', 0, 'steam:11000013e4128c8'),
	(200, 'caution', 0, 'steam:110000113ab9776'),
	(201, 'caution', 0, 'steam:11000013c2825d9'),
	(202, 'caution', 0, 'steam:11000010abdb11b'),
	(203, 'caution', 0, 'steam:1100001422f8cbe'),
	(204, 'caution', 0, 'steam:110000136dd02c7'),
	(205, 'caution', 0, 'steam:11000010cbcb0f2'),
	(206, 'caution', 0, 'steam:11000013e7629e8'),
	(207, 'caution', 0, 'steam:110000134f70df2'),
	(208, 'caution', 0, ''),
	(209, 'caution', 0, ''),
	(210, 'caution', 0, ''),
	(211, 'caution', 0, ''),
	(212, 'caution', 0, ''),
	(213, 'caution', 0, ''),
	(214, 'caution', 0, ''),
	(215, 'caution', 0, ''),
	(216, 'caution', 0, ''),
	(217, 'caution', 0, ''),
	(218, 'caution', 0, ''),
	(219, 'caution', 0, ''),
	(220, 'caution', 1973, ''),
	(221, 'caution', 0, ''),
	(222, 'caution', 0, ''),
	(223, 'caution', 0, ''),
	(224, 'caution', 0, '1'),
	(225, 'caution', 0, '');
/*!40000 ALTER TABLE `addon_account_data` ENABLE KEYS */;

-- Dumping structure for table essentialmode1.addon_inventory
CREATE TABLE IF NOT EXISTS `addon_inventory` (
  `name` varchar(60) NOT NULL,
  `label` varchar(100) NOT NULL,
  `shared` int(11) NOT NULL,
  PRIMARY KEY (`name`)
) ENGINE=InnoDB DEFAULT CHARSET=utf8mb4;

-- Dumping data for table essentialmode1.addon_inventory: ~7 rows (approximately)
/*!40000 ALTER TABLE `addon_inventory` DISABLE KEYS */;
INSERT IGNORE INTO `addon_inventory` (`name`, `label`, `shared`) VALUES
	('society_ambulance', 'EMS', 1),
	('society_cardealer', 'Cardealer', 1),
	('society_cardealerluxury', 'Cardealerluxury', 1),
	('society_mafia', 'Mafia', 1),
	('society_mecano', 'Mechanic', 1),
	('society_police', 'Police', 1),
	('society_taxi', 'Taxi', 1);
/*!40000 ALTER TABLE `addon_inventory` ENABLE KEYS */;

-- Dumping structure for table essentialmode1.addon_inventory_items
CREATE TABLE IF NOT EXISTS `addon_inventory_items` (
  `id` int(11) NOT NULL AUTO_INCREMENT,
  `inventory_name` varchar(100) NOT NULL,
  `name` varchar(100) NOT NULL,
  `count` int(11) NOT NULL,
  `owner` varchar(40) DEFAULT NULL,
  PRIMARY KEY (`id`),
  KEY `index_addon_inventory_items_inventory_name_name` (`inventory_name`,`name`),
  KEY `index_addon_inventory_items_inventory_name_name_owner` (`inventory_name`,`name`,`owner`),
  KEY `index_addon_inventory_inventory_name` (`inventory_name`)
) ENGINE=InnoDB AUTO_INCREMENT=329 DEFAULT CHARSET=utf8mb4;

-- Dumping data for table essentialmode1.addon_inventory_items: ~2 rows (approximately)
/*!40000 ALTER TABLE `addon_inventory_items` DISABLE KEYS */;
INSERT IGNORE INTO `addon_inventory_items` (`id`, `inventory_name`, `name`, `count`, `owner`) VALUES
	(1, 'society_mecano', 'fixkit', 83, NULL),
	(2, 'society_mecano', 'turbo', 1, NULL);
/*!40000 ALTER TABLE `addon_inventory_items` ENABLE KEYS */;

-- Dumping structure for table essentialmode1.advanced_report
CREATE TABLE IF NOT EXISTS `advanced_report` (
  `name` varchar(50) DEFAULT NULL,
  `args` varchar(255) DEFAULT NULL
) ENGINE=InnoDB DEFAULT CHARSET=latin1;

-- Dumping data for table essentialmode1.advanced_report: ~3 rows (approximately)
/*!40000 ALTER TABLE `advanced_report` DISABLE KEYS */;
INSERT IGNORE INTO `advanced_report` (`name`, `args`) VALUES
	('Titty Tuesday', ''),
	('Titty Tuesday', 'nibba'),
	('Titty Tuesday', 'urgay');
/*!40000 ALTER TABLE `advanced_report` ENABLE KEYS */;

-- Dumping structure for table essentialmode1.arrests_list
CREATE TABLE IF NOT EXISTS `arrests_list` (
  `id` int(11) NOT NULL AUTO_INCREMENT,
  `json_data` longtext NOT NULL,
  PRIMARY KEY (`id`)
) ENGINE=InnoDB DEFAULT CHARSET=utf8;

-- Dumping data for table essentialmode1.arrests_list: ~0 rows (approximately)
/*!40000 ALTER TABLE `arrests_list` DISABLE KEYS */;
/*!40000 ALTER TABLE `arrests_list` ENABLE KEYS */;

-- Dumping structure for table essentialmode1.baninfo
CREATE TABLE IF NOT EXISTS `baninfo` (
  `identifier` varchar(25) COLLATE utf8mb4_bin NOT NULL,
  `license` varchar(50) COLLATE utf8mb4_bin DEFAULT NULL,
  `liveid` varchar(21) COLLATE utf8mb4_bin DEFAULT NULL,
  `xblid` varchar(21) COLLATE utf8mb4_bin DEFAULT NULL,
  `discord` varchar(30) COLLATE utf8mb4_bin DEFAULT NULL,
  `playerip` varchar(25) COLLATE utf8mb4_bin DEFAULT NULL,
  `playername` varchar(32) COLLATE utf8mb4_bin DEFAULT NULL,
  PRIMARY KEY (`identifier`)
) ENGINE=InnoDB DEFAULT CHARSET=utf8mb4 COLLATE=utf8mb4_bin;

-- Dumping data for table essentialmode1.baninfo: ~0 rows (approximately)
/*!40000 ALTER TABLE `baninfo` DISABLE KEYS */;
/*!40000 ALTER TABLE `baninfo` ENABLE KEYS */;

-- Dumping structure for table essentialmode1.banlist
CREATE TABLE IF NOT EXISTS `banlist` (
  `identifier` varchar(25) COLLATE utf8mb4_bin NOT NULL,
  `license` varchar(50) COLLATE utf8mb4_bin DEFAULT NULL,
  `liveid` varchar(21) COLLATE utf8mb4_bin DEFAULT NULL,
  `xblid` varchar(21) COLLATE utf8mb4_bin DEFAULT NULL,
  `discord` varchar(30) COLLATE utf8mb4_bin DEFAULT NULL,
  `playerip` varchar(25) COLLATE utf8mb4_bin DEFAULT NULL,
  `targetplayername` varchar(32) COLLATE utf8mb4_bin NOT NULL,
  `sourceplayername` varchar(32) COLLATE utf8mb4_bin NOT NULL,
  `reason` varchar(255) COLLATE utf8mb4_bin NOT NULL,
  `timeat` varchar(50) COLLATE utf8mb4_bin NOT NULL,
  `added` datetime DEFAULT current_timestamp(),
  `expiration` varchar(50) COLLATE utf8mb4_bin NOT NULL,
  `permanent` int(1) NOT NULL DEFAULT 0,
  PRIMARY KEY (`identifier`)
) ENGINE=InnoDB DEFAULT CHARSET=utf8mb4 COLLATE=utf8mb4_bin;

-- Dumping data for table essentialmode1.banlist: ~0 rows (approximately)
/*!40000 ALTER TABLE `banlist` DISABLE KEYS */;
/*!40000 ALTER TABLE `banlist` ENABLE KEYS */;

-- Dumping structure for table essentialmode1.banlisthistory
CREATE TABLE IF NOT EXISTS `banlisthistory` (
  `id` int(11) NOT NULL AUTO_INCREMENT,
  `identifier` varchar(25) COLLATE utf8mb4_bin NOT NULL,
  `license` varchar(50) COLLATE utf8mb4_bin DEFAULT NULL,
  `liveid` varchar(21) COLLATE utf8mb4_bin DEFAULT NULL,
  `xblid` varchar(21) COLLATE utf8mb4_bin DEFAULT NULL,
  `discord` varchar(30) COLLATE utf8mb4_bin DEFAULT NULL,
  `playerip` varchar(25) COLLATE utf8mb4_bin DEFAULT NULL,
  `targetplayername` varchar(32) COLLATE utf8mb4_bin NOT NULL,
  `sourceplayername` varchar(32) COLLATE utf8mb4_bin NOT NULL,
  `reason` varchar(255) COLLATE utf8mb4_bin NOT NULL,
  `timeat` int(11) NOT NULL,
  `added` datetime DEFAULT current_timestamp(),
  `expiration` int(11) NOT NULL,
  `permanent` int(1) NOT NULL DEFAULT 0,
  PRIMARY KEY (`id`)
) ENGINE=InnoDB AUTO_INCREMENT=3 DEFAULT CHARSET=utf8mb4 COLLATE=utf8mb4_bin;

-- Dumping data for table essentialmode1.banlisthistory: ~0 rows (approximately)
/*!40000 ALTER TABLE `banlisthistory` DISABLE KEYS */;
/*!40000 ALTER TABLE `banlisthistory` ENABLE KEYS */;

-- Dumping structure for table essentialmode1.billing
CREATE TABLE IF NOT EXISTS `billing` (
  `id` int(11) NOT NULL AUTO_INCREMENT,
  `identifier` varchar(40) NOT NULL,
  `sender` varchar(40) NOT NULL,
  `target_type` varchar(50) NOT NULL,
  `target` varchar(40) NOT NULL,
  `label` varchar(255) NOT NULL,
  `amount` int(11) NOT NULL,
  PRIMARY KEY (`id`)
) ENGINE=InnoDB AUTO_INCREMENT=35 DEFAULT CHARSET=utf8mb4;

-- Dumping data for table essentialmode1.billing: ~9 rows (approximately)
/*!40000 ALTER TABLE `billing` DISABLE KEYS */;
INSERT IGNORE INTO `billing` (`id`, `identifier`, `sender`, `target_type`, `target`, `label`, `amount`) VALUES

/*!40000 ALTER TABLE `billing` ENABLE KEYS */;

-- Dumping structure for table essentialmode1.boats
CREATE TABLE IF NOT EXISTS `boats` (
  `name` varchar(60) NOT NULL,
  `model` varchar(60) NOT NULL,
  `price` int(11) NOT NULL,
  `category` varchar(60) DEFAULT NULL,
  PRIMARY KEY (`model`)
) ENGINE=InnoDB DEFAULT CHARSET=latin1;

-- Dumping data for table essentialmode1.boats: ~16 rows (approximately)
/*!40000 ALTER TABLE `boats` DISABLE KEYS */;
INSERT IGNORE INTO `boats` (`name`, `model`, `price`, `category`) VALUES
	('Dinghy 4Seat', 'dinghy', 25000, 'boat'),
	('Dinghy 2Seat', 'dinghy2', 20000, 'boat'),
	('Dinghy Yacht', 'dinghy4', 25000, 'boat'),
	('Jetmax', 'jetmax', 30000, 'boat'),
	('Marquis', 'marquis', 45000, 'boat'),
	('Seashark', 'seashark', 10000, 'boat'),
	('Seashark Yacht', 'seashark3', 10000, 'boat'),
	('Speeder', 'speeder', 40000, 'boat'),
	('Squalo', 'squalo', 32000, 'boat'),
	('Submarine', 'submersible', 29000, 'subs'),
	('Kraken', 'submersible2', 31000, 'subs'),
	('Suntrap', 'suntrap', 34000, 'boat'),
	('Toro', 'toro', 38000, 'boat'),
	('Toro Yacht', 'toro2', 38000, 'boat'),
	('Tropic', 'tropic', 27000, 'boat'),
	('Tropic Yacht', 'tropic2', 27000, 'boat');
/*!40000 ALTER TABLE `boats` ENABLE KEYS */;

-- Dumping structure for table essentialmode1.boat_categories
CREATE TABLE IF NOT EXISTS `boat_categories` (
  `name` varchar(60) NOT NULL,
  `label` varchar(60) NOT NULL,
  PRIMARY KEY (`name`)
) ENGINE=InnoDB DEFAULT CHARSET=latin1;

-- Dumping data for table essentialmode1.boat_categories: ~2 rows (approximately)
/*!40000 ALTER TABLE `boat_categories` DISABLE KEYS */;
INSERT IGNORE INTO `boat_categories` (`name`, `label`) VALUES
	('boat', 'Boats'),
	('subs', 'Submersibles');
/*!40000 ALTER TABLE `boat_categories` ENABLE KEYS */;

-- Dumping structure for table essentialmode1.bolos_list
CREATE TABLE IF NOT EXISTS `bolos_list` (
  `id` int(11) NOT NULL AUTO_INCREMENT,
  `json_data` longtext NOT NULL,
  PRIMARY KEY (`id`)
) ENGINE=InnoDB DEFAULT CHARSET=utf8;

-- Dumping data for table essentialmode1.bolos_list: ~0 rows (approximately)
/*!40000 ALTER TABLE `bolos_list` DISABLE KEYS */;
/*!40000 ALTER TABLE `bolos_list` ENABLE KEYS */;

-- Dumping structure for table essentialmode1.bought_houses
CREATE TABLE IF NOT EXISTS `bought_houses` (
  `houseid` int(50) NOT NULL,
  PRIMARY KEY (`houseid`)
) ENGINE=InnoDB DEFAULT CHARSET=utf8;

-- Dumping data for table essentialmode1.bought_houses: ~0 rows (approximately)
/*!40000 ALTER TABLE `bought_houses` DISABLE KEYS */;
/*!40000 ALTER TABLE `bought_houses` ENABLE KEYS */;

-- Dumping structure for table essentialmode1.businesses
CREATE TABLE IF NOT EXISTS `businesses` (
  `id` int(11) NOT NULL,
  `name` varchar(255) NOT NULL,
  `address` varchar(255) NOT NULL,
  `description` varchar(75) NOT NULL,
  `owner` varchar(255) DEFAULT NULL,
  `price` int(11) NOT NULL,
  `earnings` int(11) NOT NULL,
  `position` text NOT NULL,
  `stock` int(11) NOT NULL DEFAULT 0,
  `stock_price` int(11) NOT NULL DEFAULT 100,
  PRIMARY KEY (`id`)
) ENGINE=InnoDB DEFAULT CHARSET=latin1;

-- Dumping data for table essentialmode1.businesses: ~3 rows (approximately)
/*!40000 ALTER TABLE `businesses` DISABLE KEYS */;
INSERT IGNORE INTO `businesses` (`id`, `name`, `address`, `description`, `owner`, `price`, `earnings`, `position`, `stock`, `stock_price`) VALUES
	(1, 'Gucci Store', 'Some random street 1337, Beverly Hills', 'Very fancy store', NULL, 1000000, 1, '{"buy":{"x":2524.11, "y":-382.22, "z":93},"actions":{"x":2526.04,"y":-379.43,"z":92.99}}', 0, 100),
	(2, 'Diesel Bros Dealings', 'Bennys', '\'Discounted Goods\' & Repairs', 'steam:11000010e68b6ff', 100000, 12500, '{"actions":{"y":-1310.6741943359,"z":31.295978546143,"x":-240.96849060059},"buy":{"y":-1309.9134521484,"z":31.294860839844,"x":-243.8856048584}}', 0, 1000),
	(3, 'steves tacos', 'strawberry', 'tacos and other food', 'steam:110000106223308', 200000, 15000, '{"buy":{"x":13.719738006592,"y":-1598.8723144531,"z":29.376953125},"actions":{"x":9.6804304122925,"y":-1595.3177490234,"z":29.294017791748}}', 100, 50);
/*!40000 ALTER TABLE `businesses` ENABLE KEYS */;

-- Dumping structure for table essentialmode1.bwh_bans
CREATE TABLE IF NOT EXISTS `bwh_bans` (
  `id` int(11) NOT NULL AUTO_INCREMENT,
  `receiver` text NOT NULL,
  `sender` varchar(60) NOT NULL,
  `length` datetime DEFAULT NULL,
  `reason` text NOT NULL,
  `unbanned` tinyint(4) NOT NULL DEFAULT 0,
  PRIMARY KEY (`id`)
) ENGINE=InnoDB AUTO_INCREMENT=22 DEFAULT CHARSET=utf8mb4;

-- Dumping data for table essentialmode1.bwh_bans: ~3 rows (approximately)
/*!40000 ALTER TABLE `bwh_bans` DISABLE KEYS */;
INSERT IGNORE INTO `bwh_bans` (`id`, `receiver`, `sender`, `length`, `reason`, `unbanned`) VALUES

/*!40000 ALTER TABLE `bwh_bans` ENABLE KEYS */;

-- Dumping structure for table essentialmode1.bwh_identifiers
CREATE TABLE IF NOT EXISTS `bwh_identifiers` (
  `steam` varchar(60) NOT NULL,
  `license` varchar(60) NOT NULL,
  `ip` varchar(60) NOT NULL,
  `name` varchar(128) NOT NULL,
  `xbl` varchar(60) DEFAULT NULL,
  `live` varchar(60) DEFAULT NULL,
  `discord` varchar(60) DEFAULT NULL,
  `fivem` varchar(60) DEFAULT NULL,
  PRIMARY KEY (`steam`)
) ENGINE=InnoDB DEFAULT CHARSET=utf8mb4;

-- Dumping data for table essentialmode1.bwh_identifiers: ~37 rows (approximately)
/*!40000 ALTER TABLE `bwh_identifiers` DISABLE KEYS */;
INSERT IGNORE INTO `bwh_identifiers` (`steam`, `license`, `ip`, `name`, `xbl`, `live`, `discord`, `fivem`) VALUES

-- Dumping structure for table essentialmode1.bwh_warnings
CREATE TABLE IF NOT EXISTS `bwh_warnings` (
  `id` int(11) NOT NULL AUTO_INCREMENT,
  `receiver` text NOT NULL,
  `sender` varchar(60) NOT NULL,
  `message` text NOT NULL,
  PRIMARY KEY (`id`)
) ENGINE=InnoDB AUTO_INCREMENT=3 DEFAULT CHARSET=utf8mb4;

-- Dumping data for table essentialmode1.bwh_warnings: ~0 rows (approximately)
/*!40000 ALTER TABLE `bwh_warnings` DISABLE KEYS */;
/*!40000 ALTER TABLE `bwh_warnings` ENABLE KEYS */;

-- Dumping structure for table essentialmode1.cardealer_vehicles
CREATE TABLE IF NOT EXISTS `cardealer_vehicles` (
  `id` int(11) NOT NULL AUTO_INCREMENT,
  `vehicle` varchar(255) NOT NULL,
  `price` int(11) NOT NULL,
  PRIMARY KEY (`id`)
) ENGINE=InnoDB AUTO_INCREMENT=1302 DEFAULT CHARSET=utf8mb4;

-- Dumping data for table essentialmode1.cardealer_vehicles: ~0 rows (approximately)
/*!40000 ALTER TABLE `cardealer_vehicles` DISABLE KEYS */;
/*!40000 ALTER TABLE `cardealer_vehicles` ENABLE KEYS */;

-- Dumping structure for table essentialmode1.cardealer_vehiclesluxury
CREATE TABLE IF NOT EXISTS `cardealer_vehiclesluxury` (
  `id` int(11) NOT NULL AUTO_INCREMENT,
  `vehicle` varchar(255) NOT NULL,
  `price` int(11) NOT NULL,
  PRIMARY KEY (`id`)
) ENGINE=InnoDB AUTO_INCREMENT=5 DEFAULT CHARSET=utf8mb4;

-- Dumping data for table essentialmode1.cardealer_vehiclesluxury: ~2 rows (approximately)
/*!40000 ALTER TABLE `cardealer_vehiclesluxury` DISABLE KEYS */;
INSERT IGNORE INTO `cardealer_vehiclesluxury` (`id`, `vehicle`, `price`) VALUES
	(1, 'bifta', 12000),
	(4, 'felon2', 55000);
/*!40000 ALTER TABLE `cardealer_vehiclesluxury` ENABLE KEYS */;

-- Dumping structure for table essentialmode1.characters
CREATE TABLE IF NOT EXISTS `characters` (
  `id` int(10) unsigned NOT NULL AUTO_INCREMENT,
  `identifier` varchar(255) NOT NULL,
  `firstname` varchar(255) NOT NULL,
  `lastname` varchar(255) NOT NULL,
  `dateofbirth` varchar(255) NOT NULL,
  `sex` varchar(1) NOT NULL DEFAULT 'f',
  `height` varchar(128) NOT NULL,
  PRIMARY KEY (`id`)
) ENGINE=InnoDB AUTO_INCREMENT=77 DEFAULT CHARSET=latin1;

-- Dumping data for table essentialmode1.characters: ~0 rows (approximately)
/*!40000 ALTER TABLE `characters` DISABLE KEYS */;
/*!40000 ALTER TABLE `characters` ENABLE KEYS */;

-- Dumping structure for table essentialmode1.communityservice
CREATE TABLE IF NOT EXISTS `communityservice` (
  `identifier` varchar(100) NOT NULL,
  `actions_remaining` int(10) NOT NULL,
  PRIMARY KEY (`identifier`)
) ENGINE=InnoDB DEFAULT CHARSET=utf8mb4;

-- Dumping data for table essentialmode1.communityservice: ~0 rows (approximately)
/*!40000 ALTER TABLE `communityservice` DISABLE KEYS */;
INSERT IGNORE INTO `communityservice` (`identifier`, `actions_remaining`) VALUES
	('steam:11000010c61fbef', 222);
/*!40000 ALTER TABLE `communityservice` ENABLE KEYS */;

-- Dumping structure for table essentialmode1.criminal_records
CREATE TABLE IF NOT EXISTS `criminal_records` (
  `id` int(11) NOT NULL AUTO_INCREMENT,
  `offence` varchar(250) NOT NULL,
  `user_id` varchar(250) NOT NULL,
  `officer_id` varchar(250) NOT NULL,
  `jail` int(11) DEFAULT NULL,
  `created_at` timestamp NOT NULL DEFAULT current_timestamp(),
  PRIMARY KEY (`id`),
  UNIQUE KEY `id` (`id`)
) ENGINE=InnoDB AUTO_INCREMENT=24 DEFAULT CHARSET=utf8mb4;

-- Dumping data for table essentialmode1.criminal_records: ~0 rows (approximately)
/*!40000 ALTER TABLE `criminal_records` DISABLE KEYS */;
/*!40000 ALTER TABLE `criminal_records` ENABLE KEYS */;

-- Dumping structure for table essentialmode1.daily_free
CREATE TABLE IF NOT EXISTS `daily_free` (
  `id` int(11) NOT NULL AUTO_INCREMENT,
  `identifier` varchar(60) NOT NULL,
  `next_collect` int(15) NOT NULL,
  `times_collected` int(11) NOT NULL,
  PRIMARY KEY (`id`)
) ENGINE=InnoDB AUTO_INCREMENT=17 DEFAULT CHARSET=utf8mb4;

-- Dumping data for table essentialmode1.daily_free: ~13 rows (approximately)
/*!40000 ALTER TABLE `daily_free` DISABLE KEYS */;
INSERT IGNORE INTO `daily_free` (`id`, `identifier`, `next_collect`, `times_collected`) VALUES

/*!40000 ALTER TABLE `daily_free` ENABLE KEYS */;

-- Dumping structure for table essentialmode1.datastore
CREATE TABLE IF NOT EXISTS `datastore` (
  `name` varchar(60) NOT NULL,
  `label` varchar(100) NOT NULL,
  `shared` int(11) NOT NULL,
  PRIMARY KEY (`name`)
) ENGINE=InnoDB DEFAULT CHARSET=utf8mb4;

-- Dumping data for table essentialmode1.datastore: ~9 rows (approximately)
/*!40000 ALTER TABLE `datastore` DISABLE KEYS */;
INSERT IGNORE INTO `datastore` (`name`, `label`, `shared`) VALUES
	('property', 'Outfits', 0),
	('society_ambulance', 'EMS', 1),
	('society_mafia', 'Mafia', 1),
	('society_police', 'Police', 1),
	('society_taxi', 'Taxi', 1),
	('user_ears', 'Ears', 0),
	('user_glasses', 'Glasses', 0),
	('user_helmet', 'Helmet', 0),
	('user_mask', 'Mask', 0);
/*!40000 ALTER TABLE `datastore` ENABLE KEYS */;

-- Dumping structure for table essentialmode1.datastore_data
CREATE TABLE IF NOT EXISTS `datastore_data` (
  `id` int(11) NOT NULL AUTO_INCREMENT,
  `name` varchar(60) NOT NULL,
  `owner` varchar(40) DEFAULT NULL,
  `data` longtext DEFAULT NULL,
  PRIMARY KEY (`id`),
  UNIQUE KEY `index_datastore_data_name_owner` (`name`,`owner`),
  KEY `index_datastore_data_name` (`name`)
) ENGINE=InnoDB AUTO_INCREMENT=619 DEFAULT CHARSET=utf8mb4;

-- Dumping data for table essentialmode1.datastore_data: ~174 rows (approximately)
/*!40000 ALTER TABLE `datastore_data` DISABLE KEYS */;
INSERT IGNORE INTO `datastore_data` (`id`, `name`, `owner`, `data`) VALUES
	(1, 'society_ambulance', NULL, '{}'),
	(2, 'society_mafia', NULL, '{}'),
	(3, 'society_police', NULL, '{}'),
	(4, 'society_taxi', NULL, '{}'),
/*!40000 ALTER TABLE `datastore_data` ENABLE KEYS */;

-- Dumping structure for table essentialmode1.fine_types
CREATE TABLE IF NOT EXISTS `fine_types` (
  `id` int(11) NOT NULL AUTO_INCREMENT,
  `label` varchar(255) DEFAULT NULL,
  `amount` int(11) DEFAULT NULL,
  `category` int(11) DEFAULT NULL,
  PRIMARY KEY (`id`)
) ENGINE=InnoDB AUTO_INCREMENT=54 DEFAULT CHARSET=utf8mb4;

-- Dumping data for table essentialmode1.fine_types: ~52 rows (approximately)
/*!40000 ALTER TABLE `fine_types` DISABLE KEYS */;
INSERT IGNORE INTO `fine_types` (`id`, `label`, `amount`, `category`) VALUES
	(1, 'Misuse of a horn', 30, 0),
	(2, 'Illegally Crossing a continuous Line', 40, 0),
	(3, 'Driving on the wrong side of the road', 250, 0),
	(4, 'Illegal U-Turn', 250, 0),
	(5, 'Illegally Driving Off-road', 170, 0),
	(6, 'Refusing a Lawful Command', 30, 0),
	(7, 'Illegally Stopping a Vehicle', 150, 0),
	(8, 'Illegal Parking', 70, 0),
	(9, 'Failing to Yield to the right', 70, 0),
	(10, 'Failure to comply with Vehicle Information', 90, 0),
	(11, 'Failing to stop at a Stop Sign ', 105, 0),
	(12, 'Failing to stop at a Red Light', 130, 0),
	(13, 'Illegal Passing', 100, 0),
	(14, 'Driving an illegal Vehicle', 100, 0),
	(15, 'Driving without a License', 1500, 0),
	(16, 'Hit and Run', 800, 0),
	(17, 'Exceeding Speeds Over < 5 mph', 90, 0),
	(18, 'Exceeding Speeds Over 5-15 mph', 120, 0),
	(19, 'Exceeding Speeds Over 15-30 mph', 180, 0),
	(20, 'Exceeding Speeds Over > 30 mph', 300, 0),
	(21, 'Impeding traffic flow', 110, 1),
	(22, 'Public Intoxication', 90, 1),
	(23, 'Disorderly conduct', 90, 1),
	(24, 'Obstruction of Justice', 130, 1),
	(25, 'Insults towards Civilans', 75, 1),
	(26, 'Disrespecting of an LEO', 110, 1),
	(27, 'Verbal Threat towards a Civilan', 90, 1),
	(28, 'Verbal Threat towards an LEO', 150, 1),
	(29, 'Providing False Information', 250, 1),
	(30, 'Attempt of Corruption', 1500, 1),
	(31, 'Brandishing a weapon in city Limits', 120, 2),
	(32, 'Brandishing a Lethal Weapon in city Limits', 300, 2),
	(33, 'No Firearms License', 600, 2),
	(34, 'Possession of an Illegal Weapon', 700, 2),
	(35, 'Possession of Burglary Tools', 300, 2),
	(36, 'Grand Theft Auto', 1800, 2),
	(37, 'Intent to Sell/Distrube of an illegal Substance', 1500, 2),
	(38, 'Frabrication of an Illegal Substance', 1500, 2),
	(39, 'Possession of an Illegal Substance ', 650, 2),
	(40, 'Kidnapping of a Civilan', 1500, 2),
	(41, 'Kidnapping of an LEO', 2000, 2),
	(42, 'Robbery', 650, 2),
	(43, 'Armed Robbery of a Store', 650, 2),
	(44, 'Armed Robbery of a Bank', 1500, 2),
	(45, 'Assault on a Civilian', 2000, 3),
	(46, 'Assault of an LEO', 2500, 3),
	(47, 'Attempt of Murder of a Civilian', 3000, 3),
	(48, 'Attempt of Murder of an LEO', 5000, 3),
	(49, 'Murder of a Civilian', 10000, 3),
	(50, 'Murder of an LEO', 30000, 3),
	(51, 'Involuntary manslaughter', 1800, 3),
	(52, 'Fraud', 2000, 2);
/*!40000 ALTER TABLE `fine_types` ENABLE KEYS */;

-- Dumping structure for table essentialmode1.fine_types_doj
CREATE TABLE IF NOT EXISTS `fine_types_doj` (
  `id` int(11) NOT NULL AUTO_INCREMENT,
  `label` varchar(255) DEFAULT NULL,
  `amount` int(11) DEFAULT NULL,
  `category` int(11) DEFAULT NULL,
  PRIMARY KEY (`id`)
) ENGINE=InnoDB AUTO_INCREMENT=8 DEFAULT CHARSET=latin1;

-- Dumping data for table essentialmode1.fine_types_doj: ~7 rows (approximately)
/*!40000 ALTER TABLE `fine_types_doj` DISABLE KEYS */;
INSERT IGNORE INTO `fine_types_doj` (`id`, `label`, `amount`, `category`) VALUES
	(1, 'Raket', 3000, 0),
	(2, 'Raket', 5000, 0),
	(3, 'Raket', 10000, 1),
	(4, 'Raket', 20000, 1),
	(5, 'Raket', 50000, 2),
	(6, 'Raket', 150000, 3),
	(7, 'Raket', 350000, 3);
/*!40000 ALTER TABLE `fine_types_doj` ENABLE KEYS */;

-- Dumping structure for table essentialmode1.fine_types_lazy
CREATE TABLE IF NOT EXISTS `fine_types_lazy` (
  `id` int(11) NOT NULL AUTO_INCREMENT,
  `label` varchar(255) DEFAULT NULL,
  `amount` int(11) DEFAULT NULL,
  `category` int(11) DEFAULT NULL,
  PRIMARY KEY (`id`)
) ENGINE=InnoDB AUTO_INCREMENT=8 DEFAULT CHARSET=latin1;

-- Dumping data for table essentialmode1.fine_types_lazy: ~7 rows (approximately)
/*!40000 ALTER TABLE `fine_types_lazy` DISABLE KEYS */;
INSERT IGNORE INTO `fine_types_lazy` (`id`, `label`, `amount`, `category`) VALUES
	(1, 'Raket', 3000, 0),
	(2, 'Raket', 5000, 0),
	(3, 'Raket', 10000, 1),
	(4, 'Raket', 20000, 1),
	(5, 'Raket', 50000, 2),
	(6, 'Raket', 150000, 3),
	(7, 'Raket', 350000, 3);
/*!40000 ALTER TABLE `fine_types_lazy` ENABLE KEYS */;

-- Dumping structure for table essentialmode1.fine_types_mafia
CREATE TABLE IF NOT EXISTS `fine_types_mafia` (
  `id` int(11) NOT NULL AUTO_INCREMENT,
  `label` varchar(255) DEFAULT NULL,
  `amount` int(11) DEFAULT NULL,
  `category` int(11) DEFAULT NULL,
  PRIMARY KEY (`id`)
) ENGINE=InnoDB AUTO_INCREMENT=8 DEFAULT CHARSET=utf8mb4;

-- Dumping data for table essentialmode1.fine_types_mafia: ~7 rows (approximately)
/*!40000 ALTER TABLE `fine_types_mafia` DISABLE KEYS */;
INSERT IGNORE INTO `fine_types_mafia` (`id`, `label`, `amount`, `category`) VALUES
	(1, 'Raket', 3000, 0),
	(2, 'Raket', 5000, 0),
	(3, 'Raket', 10000, 1),
	(4, 'Raket', 20000, 1),
	(5, 'Raket', 50000, 2),
	(6, 'Raket', 150000, 3),
	(7, 'Raket', 350000, 3);
/*!40000 ALTER TABLE `fine_types_mafia` ENABLE KEYS */;

-- Dumping structure for table essentialmode1.fine_types_monkey
CREATE TABLE IF NOT EXISTS `fine_types_monkey` (
  `id` int(11) NOT NULL AUTO_INCREMENT,
  `label` varchar(255) DEFAULT NULL,
  `amount` int(11) DEFAULT NULL,
  `category` int(11) DEFAULT NULL,
  PRIMARY KEY (`id`)
) ENGINE=InnoDB DEFAULT CHARSET=latin1;

-- Dumping data for table essentialmode1.fine_types_monkey: ~0 rows (approximately)
/*!40000 ALTER TABLE `fine_types_monkey` DISABLE KEYS */;
/*!40000 ALTER TABLE `fine_types_monkey` ENABLE KEYS */;

-- Dumping structure for table essentialmode1.fine_types_stevestacos
CREATE TABLE IF NOT EXISTS `fine_types_stevestacos` (
  `id` int(11) NOT NULL AUTO_INCREMENT,
  `label` varchar(255) DEFAULT NULL,
  `amount` int(11) DEFAULT NULL,
  `category` int(11) DEFAULT NULL,
  PRIMARY KEY (`id`)
) ENGINE=InnoDB AUTO_INCREMENT=8 DEFAULT CHARSET=latin1;

-- Dumping data for table essentialmode1.fine_types_stevestacos: ~7 rows (approximately)
/*!40000 ALTER TABLE `fine_types_stevestacos` DISABLE KEYS */;
INSERT IGNORE INTO `fine_types_stevestacos` (`id`, `label`, `amount`, `category`) VALUES
	(1, 'Raket', 3000, 0),
	(2, 'Raket', 5000, 0),
	(3, 'Raket', 10000, 1),
	(4, 'Raket', 20000, 1),
	(5, 'Raket', 50000, 2),
	(6, 'Raket', 150000, 3),
	(7, 'Raket', 350000, 3);
/*!40000 ALTER TABLE `fine_types_stevestacos` ENABLE KEYS */;

-- Dumping structure for table essentialmode1.fine_types_vagos
CREATE TABLE IF NOT EXISTS `fine_types_vagos` (
  `id` int(11) NOT NULL AUTO_INCREMENT,
  `label` varchar(255) DEFAULT NULL,
  `amount` int(11) DEFAULT NULL,
  `category` int(11) DEFAULT NULL,
  PRIMARY KEY (`id`)
) ENGINE=InnoDB AUTO_INCREMENT=8 DEFAULT CHARSET=latin1;

-- Dumping data for table essentialmode1.fine_types_vagos: ~7 rows (approximately)
/*!40000 ALTER TABLE `fine_types_vagos` DISABLE KEYS */;
INSERT IGNORE INTO `fine_types_vagos` (`id`, `label`, `amount`, `category`) VALUES
	(1, 'Raket', 3000, 0),
	(2, 'Raket', 5000, 0),
	(3, 'Raket', 10000, 1),
	(4, 'Raket', 20000, 1),
	(5, 'Raket', 50000, 2),
	(6, 'Raket', 150000, 3),
	(7, 'Raket', 350000, 3);
/*!40000 ALTER TABLE `fine_types_vagos` ENABLE KEYS */;

-- Dumping structure for table essentialmode1.fine_types_woodyguns
CREATE TABLE IF NOT EXISTS `fine_types_woodyguns` (
  `id` int(11) NOT NULL AUTO_INCREMENT,
  `label` varchar(255) DEFAULT NULL,
  `amount` int(11) DEFAULT NULL,
  `category` int(11) DEFAULT NULL,
  PRIMARY KEY (`id`)
) ENGINE=InnoDB AUTO_INCREMENT=8 DEFAULT CHARSET=latin1;

-- Dumping data for table essentialmode1.fine_types_woodyguns: ~7 rows (approximately)
/*!40000 ALTER TABLE `fine_types_woodyguns` DISABLE KEYS */;
INSERT IGNORE INTO `fine_types_woodyguns` (`id`, `label`, `amount`, `category`) VALUES
	(1, 'Raket', 3000, 0),
	(2, 'Raket', 5000, 0),
	(3, 'Raket', 10000, 1),
	(4, 'Raket', 20000, 1),
	(5, 'Raket', 50000, 2),
	(6, 'Raket', 150000, 3),
	(7, 'Raket', 350000, 3);
/*!40000 ALTER TABLE `fine_types_woodyguns` ENABLE KEYS */;

-- Dumping structure for table essentialmode1.glovebox_inventory
CREATE TABLE IF NOT EXISTS `glovebox_inventory` (
  `id` int(11) NOT NULL AUTO_INCREMENT,
  `plate` varchar(8) NOT NULL,
  `data` text NOT NULL,
  `owned` int(11) NOT NULL,
  PRIMARY KEY (`id`),
  UNIQUE KEY `plate` (`plate`)
) ENGINE=InnoDB AUTO_INCREMENT=875 DEFAULT CHARSET=latin1;

-- Dumping data for table essentialmode1.glovebox_inventory: ~0 rows (approximately)
/*!40000 ALTER TABLE `glovebox_inventory` DISABLE KEYS */;
/*!40000 ALTER TABLE `glovebox_inventory` ENABLE KEYS */;

-- Dumping structure for table essentialmode1.items
CREATE TABLE IF NOT EXISTS `items` (
  `name` varchar(50) NOT NULL,
  `label` varchar(50) NOT NULL,
  `limit` int(255) NOT NULL DEFAULT 10,
  `rare` tinyint(1) NOT NULL DEFAULT 0,
  `can_remove` tinyint(1) NOT NULL DEFAULT 1,
  PRIMARY KEY (`name`)
) ENGINE=InnoDB DEFAULT CHARSET=utf8mb4;

-- Dumping data for table essentialmode1.items: ~176 rows (approximately)
/*!40000 ALTER TABLE `items` DISABLE KEYS */;
INSERT IGNORE INTO `items` (`name`, `label`, `limit`, `rare`, `can_remove`) VALUES
	('advancedlockpick', 'Multi-pick', 5, 0, 1),
	('airbag', 'Airbag', 5, 0, 1),
	('alive_chicken', 'Living chicken', 5, 0, 1),
	('armor', 'Armor', 2, 0, 1),
	('armor2', 'Dense Armor', 2, 0, 1),
	('bandage', 'Bandage', 10, 0, 1),
	('bandage2', 'Small Bandage', 10, 0, 1),
	('battery', 'Car Battery', 5, 0, 1),
	('black_money', 'Dirty Money', 10000000, 0, 1),
	('blowpipe', 'Blowtorch', 5, 0, 1),
	('bread', 'Bread', 15, 0, 1),
	('bulletproof', 'Skottsäker vest', 1, 0, 1),
	('cannabinoid', 'Chemicals', 25, 0, 1),
	('cannabis', 'Weed Plant', 25, 0, 1),
	('carokit', 'Body Kit', 10, 0, 1),
	('carotool', 'Tools', 10, 0, 1),
	('cash', 'cash', 10, 0, 1),
	('cburger', 'Cheese Burger', 10, 0, 1),
	('clothe', 'Cloth', 5, 0, 1),
	('coke', 'Coke', 30, 0, 1),
	('cola', 'Can of Cola', 5, 0, 1),
	('copper', 'Copper', 10, 0, 1),
	('crack', 'Crack', 25, 0, 1),
	('cuffs', 'Police Handcuff', 5, 0, 1),
	('cuff_keys', 'Handcuff Key', 1, 0, 1),
	('cutted_wood', 'Cut wood', 30, 0, 1),
	('dcburger', 'Double Cheese Burger', 10, 0, 1),
	('diamond', 'Diamond', 25, 0, 1),
	('donut', 'Glazed Donut', 10, 0, 1),
	('donut2', 'Super Donut', 10, 0, 1),
	('essence', 'Gas', 25, 0, 1),
	('fabric', 'Fabric', 25, 0, 1),
	('fish', 'Fish', 25, 0, 1),
	('fishbait', 'Fish Bait', 10, 0, 1),
	('fishingrod', 'Fishing Rod', 2, 0, 1),
	('fixkit', 'Repair Kit', 10, 0, 1),
	('fixtool', 'Repair Tools', 10, 0, 1),
	('fountain', 'Fountain Firework', 2, 0, 1),
	('fries', 'Small Fries', 5, 0, 1),
	('fries2', 'Large Fries', 5, 0, 1),
	('gazbottle', 'Gas Bottle', 10, 0, 1),
	('gold', 'Gold', 5, 0, 1),
	('gold_o', 'Scrap gold', 50, 0, 1),
	('gold_t', 'Gold', 25, 0, 1),
	('highradio', 'Aftermarket Radio', 5, 0, 1),
	('highrim', 'Nice Rim', 5, 0, 1),
	('hotdog', 'Hotdog', 10, 0, 1),
	('iron', 'Iron', 15, 0, 1),
	('jewels', 'Jewels', 15, 0, 1),
	('keycard', 'Keycard', 5, 0, 1),
	('licenseplate', 'License plate', 5, 0, 1),
	('lowradio', 'Stock Radio', 5, 0, 1),
	('marijuana', 'Bag of Weed', 30, 0, 1),
	('medikit', 'Medikit', 15, 0, 1),
	('mleko', 'Milk', 50, 0, 1),
	('money', 'Money', 10000000, 0, 1),
	('monster', 'Monster Energy', 5, 0, 1),
	('oxygen_mask', 'Oxygen Mask', 2, 0, 1),
	('packaged_chicken', 'Chicken fillet', 10, 0, 1),
	('packaged_plank', 'Packaged wood', 25, 0, 1),
	('petrol', 'Oil', 30, 0, 1),
	('petrol_raffin', 'Processed oil', 30, 0, 1),
	('phone', 'Phone', 1, 0, 1),
	('picnic', 'Picknick kit', 1, 0, 1),
	('radio', 'radio', 2, 0, 1),
	('redgull', 'Redgull', 4, 0, 1),
	('repairkit', 'Vehicle Repair Kit', 3, 0, 1),
	('rose', 'Röd ros', 1, 0, 1),
	('sandwich', 'Macka', 5, 0, 1),
	('shotburst', 'Shotburst Firework', 2, 0, 1),
	('slaughtered_chicken', 'Slaughtered chicken', 25, 0, 1),
	('spice', 'Spice', 30, 0, 1),
	('sprite', 'Bottle of 7UP', 5, 0, 1),
	('starburst', 'Starburst Firework', 2, 0, 1),
	('stockrim', 'Stock Rim', 5, 0, 1),
	('stone', 'Stone', 25, 0, 1),
	('taco', 'Taco', 5, 0, 1),
	('taco2', 'Deluxe Taco', 5, 0, 1),
	('taco3', 'Steves Special Taco', 5, 0, 1),
	('taco4', 'Super Taco', 5, 0, 1),
	('trailburst', 'Trailburst Firework', 2, 0, 1),
	('trp_ammo_pistol', 'Pistol Ammo', 2, 0, 1),
	('trp_ammo_pistol_large', 'Pistol Ammo Large', 2, 0, 1),
	('trp_ammo_rifle', 'Rifle Ammo', 2, 0, 1),
	('trp_ammo_rifle_large', 'Rifle Ammo Large', 2, 0, 1),
	('trp_ammo_shotgun', 'Shotgun Shells', 2, 0, 1),
	('trp_ammo_shotgun_large', 'Shotgun Shells Large', 2, 0, 1),
	('trp_ammo_smg', 'SMG Ammo', 2, 0, 1),
	('trp_ammo_smg_large', 'SMG Ammo Large', 2, 0, 1),
	('trp_ammo_snp', 'Sniper Ammo', 2, 0, 1),
	('trp_ammo_snp_large', 'Sniper Ammo Large', 2, 0, 1),
	('tuning_laptop', 'Tuning Laptop', 3, 0, 1),
	('turbo', 'Turbo', 5, 0, 1),
	('turtlebait', 'Turtle Bait', 10, 0, 1),
	('umbrella', 'Paraply', 2, 0, 1),
	('washed_stone', 'Washed stone', 25, 0, 1),
	('water', 'Water', 15, 0, 1),
	('WEAPON_ADVANCEDRIFLE', 'Advanced Rifle', 2, 0, 1),
	('WEAPON_APPISTOL', 'AP Pistol', 2, 0, 1),
	('WEAPON_ASSAULTRIFLE', 'Assault Rifle', 2, 0, 1),
	('WEAPON_ASSAULTSHOTGUN', 'Assault Shotgun', 2, 0, 1),
	('WEAPON_ASSAULTSMG', 'Assault SMG', 2, 0, 1),
	('WEAPON_AUTOSHOTGUN', 'Auto Shotgun', 2, 0, 1),
	('WEAPON_BALL', 'Ball', 2, 0, 1),
	('WEAPON_BAT', 'Bat', 2, 0, 1),
	('WEAPON_BATTLEAXE', 'Battle Axe', 2, 0, 1),
	('WEAPON_BOTTLE', 'Bottle', 2, 0, 1),
	('WEAPON_BULLPUPRIFLE', 'Bullpup Rifle', 2, 0, 1),
	('WEAPON_BULLPUPSHOTGUN', 'Bullpup Shotgun', 2, 0, 1),
	('WEAPON_BZGAS', 'BZ Gas', 2, 0, 1),
	('WEAPON_CARBINERIFLE', 'Carbine Rifle', 2, 0, 1),
	('WEAPON_COMBATMG', 'Combat MG', 2, 0, 1),
	('WEAPON_COMBATPDW', 'Combat PDW', 2, 0, 1),
	('WEAPON_COMBATPISTOL', 'Combat Pistol', 2, 0, 1),
	('WEAPON_COMPACTLAUNCHER', 'Compact Launcher', 2, 0, 1),
	('WEAPON_COMPACTRIFLE', 'Compact Rifle', 2, 0, 1),
	('WEAPON_CROWBAR', 'Crowbar', 2, 0, 1),
	('WEAPON_DAGGER', 'Dagger', 2, 0, 1),
	('WEAPON_DBSHOTGUN', 'Double Barrel Shotgun', 2, 0, 1),
	('WEAPON_DIGISCANNER', 'Digiscanner', 2, 0, 1),
	('WEAPON_DOUBLEACTION', 'Double Action Revolver', 2, 0, 1),
	('WEAPON_FIREEXTINGUISHER', 'Fire Extinguisher', 2, 0, 1),
	('WEAPON_FIREWORK', 'Firework Launcher', 2, 0, 1),
	('WEAPON_FLARE', 'Flare', 2, 0, 1),
	('WEAPON_FLAREGUN', 'Flare Gun', 2, 0, 1),
	('WEAPON_FLASHLIGHT', 'Flashlight', 2, 0, 1),
	('WEAPON_GARBAGEBAG', 'Garbage Bag', 2, 0, 1),
	('WEAPON_GOLFCLUB', 'Golf Club', 2, 0, 1),
	('WEAPON_GRENADE', 'Grenade', 2, 0, 1),
	('WEAPON_GRENADELAUNCHER', 'Gernade Launcher', 2, 0, 1),
	('WEAPON_GUSENBERG', 'Gusenberg', 2, 0, 1),
	('WEAPON_HAMMER', 'Hammer', 2, 0, 1),
	('WEAPON_HANDCUFFS', 'Handcuffs', 2, 0, 1),
	('WEAPON_HATCHET', 'Hatchet', 2, 0, 1),
	('WEAPON_HEAVYPISTOL', 'Heavy Pistol', 2, 0, 1),
	('WEAPON_HEAVYSHOTGUN', 'Heavy Shotgun', 2, 0, 1),
	('WEAPON_HEAVYSNIPER', 'Heavy Sniper', 2, 0, 1),
	('WEAPON_HOMINGLAUNCHER', 'Homing Launcher', 2, 0, 1),
	('WEAPON_KNIFE', 'Knife', 2, 0, 1),
	('WEAPON_KNUCKLE', 'Knuckle Dusters ', 2, 0, 1),
	('WEAPON_MACHETE', 'Machete', 2, 0, 1),
	('WEAPON_MACHINEPISTOL', 'Machine Pistol', 2, 0, 1),
	('WEAPON_MARKSMANPISTOL', 'Marksman Pistol', 2, 0, 1),
	('WEAPON_MARKSMANRIFLE', 'Marksman Rifle', 2, 0, 1),
	('WEAPON_MG', 'MG', 2, 0, 1),
	('WEAPON_MICROSMG', 'Micro SMG', 2, 0, 1),
	('WEAPON_MINIGUN', 'Minigun', 2, 0, 1),
	('WEAPON_MINISMG', 'Mini SMG', 2, 0, 1),
	('WEAPON_MOLOTOV', 'Molotov', 2, 0, 1),
	('WEAPON_MUSKET', 'Musket', 2, 0, 1),
	('WEAPON_NIGHTSTICK', 'Police Baton', 2, 0, 1),
	('WEAPON_PETROLCAN', 'Petrol Can', 2, 0, 1),
	('WEAPON_PIPEBOMB', 'Pipe Bomb', 2, 0, 1),
	('WEAPON_PISTOL', 'Pistol', 2, 0, 1),
	('WEAPON_PISTOL50', 'Police .50', 2, 0, 1),
	('WEAPON_POOLCUE', 'Pool Cue', 2, 0, 1),
	('WEAPON_PROXMINE', 'Proximity Mine', 2, 0, 1),
	('WEAPON_PUMPSHOTGUN', 'Pump Shotgun', 2, 0, 1),
	('WEAPON_RAILGUN', 'Rail Gun', 2, 0, 1),
	('WEAPON_REVOLVER', 'Revolver', 2, 0, 1),
	('WEAPON_RPG', 'RPG', 2, 0, 1),
	('WEAPON_SAWNOFFSHOTGUN', 'Sawn Off Shotgun', 2, 0, 1),
	('WEAPON_SMG', 'SMG', 2, 0, 1),
	('WEAPON_SMOKEGRENADE', 'Smoke Gernade', 2, 0, 1),
	('WEAPON_SNIPERRIFLE', 'Sniper Rifle', 2, 0, 1),
	('WEAPON_SNOWBALL', 'Snow Ball', 2, 0, 1),
	('WEAPON_SNSPISTOL', 'SNS Pistol', 2, 0, 1),
	('WEAPON_SPECIALCARBINE', 'Special Rifle', 2, 0, 1),
	('WEAPON_STICKYBOMB', 'Sticky Bombs', 2, 0, 1),
	('WEAPON_STINGER', 'Stinger', 2, 0, 1),
	('WEAPON_STUNGUN', 'Police Taser', 2, 0, 1),
	('WEAPON_SWITCHBLADE', 'Switch Blade', 2, 0, 1),
	('WEAPON_VINTAGEPISTOL', 'Vintage Pistol', 2, 0, 1),
	('WEAPON_WRENCH', 'Wrench', 2, 0, 1),
	('wood', 'Wood', 25, 0, 1),
	('wool', 'Wool', 25, 0, 1);
/*!40000 ALTER TABLE `items` ENABLE KEYS */;

-- Dumping structure for table essentialmode1.jail
CREATE TABLE IF NOT EXISTS `jail` (
  `identifier` varchar(100) NOT NULL,
  `jail_time` int(10) NOT NULL,
  PRIMARY KEY (`identifier`)
) ENGINE=InnoDB DEFAULT CHARSET=utf8mb4;

-- Dumping data for table essentialmode1.jail: ~0 rows (approximately)
/*!40000 ALTER TABLE `jail` DISABLE KEYS */;
/*!40000 ALTER TABLE `jail` ENABLE KEYS */;

-- Dumping structure for table essentialmode1.jobs
CREATE TABLE IF NOT EXISTS `jobs` (
  `name` varchar(50) NOT NULL,
  `label` varchar(50) DEFAULT NULL,
  `whitelisted` tinyint(1) NOT NULL DEFAULT 0,
  PRIMARY KEY (`name`)
) ENGINE=InnoDB DEFAULT CHARSET=utf8mb4;

-- Dumping data for table essentialmode1.jobs: ~22 rows (approximately)
/*!40000 ALTER TABLE `jobs` DISABLE KEYS */;
INSERT IGNORE INTO `jobs` (`name`, `label`, `whitelisted`) VALUES
	('ambulance', 'EMS', 1),
	('cardealer', 'Cardealer', 1),
	('cardealerluxury', 'Cardealerluxury', 1),
	('fisherman', 'Fisherman', 0),
	('fueler', 'Fueler', 0),
	('krowa', 'Farmer', 0),
	('lumberjack', 'Lumberjack', 0),
	('mafia', 'Mafia', 1),
	('mecano', 'Mechanic', 1),
	('miner', 'Miner', 0),
	('offambulance', 'Off-Duty', 1),
	('offmecano', 'Off-Duty', 1),
	('offpolice', 'Off-Duty', 1),
	('pawn', 'Pawn', 1),
	('police', 'Police', 1),
	('reporter', 'Reporter', 0),
	('slaughterer', 'Butcher', 0),
	('steves', 'Steves Tacos', 1),
	('tailor', 'Tailor', 0),
	('taxi', 'Taxi', 1),
	('trucker', 'Trucker', 0),
	('unemployed', 'Unemployed', 0);
/*!40000 ALTER TABLE `jobs` ENABLE KEYS */;

-- Dumping structure for table essentialmode1.job_grades
CREATE TABLE IF NOT EXISTS `job_grades` (
  `id` int(11) NOT NULL AUTO_INCREMENT,
  `job_name` varchar(50) DEFAULT NULL,
  `grade` int(11) NOT NULL,
  `name` varchar(50) NOT NULL,
  `label` varchar(50) NOT NULL,
  `salary` int(11) NOT NULL,
  `skin_male` longtext NOT NULL,
  `skin_female` longtext NOT NULL,
  PRIMARY KEY (`id`)
) ENGINE=InnoDB AUTO_INCREMENT=163 DEFAULT CHARSET=utf8mb4;

-- Dumping data for table essentialmode1.job_grades: ~57 rows (approximately)
/*!40000 ALTER TABLE `job_grades` DISABLE KEYS */;
INSERT IGNORE INTO `job_grades` (`id`, `job_name`, `grade`, `name`, `label`, `salary`, `skin_male`, `skin_female`) VALUES
	(1, 'unemployed', 0, 'unemployed', 'Unemployed', 50, '{}', '{}'),
	(2, 'lumberjack', 0, 'employee', 'Employee', 25, '{}', '{}'),
	(3, 'fisherman', 0, 'employee', 'Employee', 25, '{}', '{}'),
	(4, 'fueler', 0, 'employee', 'Employee', 25, '{}', '{}'),
	(5, 'reporter', 0, 'employee', 'Employee', 25, '{}', '{}'),
	(6, 'tailor', 0, 'employee', 'Employee', 25, '{"mask_1":0,"arms":1,"glasses_1":0,"hair_color_2":4,"makeup_1":0,"face":19,"glasses":0,"mask_2":0,"makeup_3":0,"skin":29,"helmet_2":0,"lipstick_4":0,"sex":0,"torso_1":24,"makeup_2":0,"bags_2":0,"chain_2":0,"ears_1":-1,"bags_1":0,"bproof_1":0,"shoes_2":0,"lipstick_2":0,"chain_1":0,"tshirt_1":0,"eyebrows_3":0,"pants_2":0,"beard_4":0,"torso_2":0,"beard_2":6,"ears_2":0,"hair_2":0,"shoes_1":36,"tshirt_2":0,"beard_3":0,"hair_1":2,"hair_color_1":0,"pants_1":48,"helmet_1":-1,"bproof_2":0,"eyebrows_4":0,"eyebrows_2":0,"decals_1":0,"age_2":0,"beard_1":5,"shoes":10,"lipstick_1":0,"eyebrows_1":0,"glasses_2":0,"makeup_4":0,"decals_2":0,"lipstick_3":0,"age_1":0}', '{"mask_1":0,"arms":5,"glasses_1":5,"hair_color_2":4,"makeup_1":0,"face":19,"glasses":0,"mask_2":0,"makeup_3":0,"skin":29,"helmet_2":0,"lipstick_4":0,"sex":1,"torso_1":52,"makeup_2":0,"bags_2":0,"chain_2":0,"ears_1":-1,"bags_1":0,"bproof_1":0,"shoes_2":1,"lipstick_2":0,"chain_1":0,"tshirt_1":23,"eyebrows_3":0,"pants_2":0,"beard_4":0,"torso_2":0,"beard_2":6,"ears_2":0,"hair_2":0,"shoes_1":42,"tshirt_2":4,"beard_3":0,"hair_1":2,"hair_color_1":0,"pants_1":36,"helmet_1":-1,"bproof_2":0,"eyebrows_4":0,"eyebrows_2":0,"decals_1":0,"age_2":0,"beard_1":5,"shoes":10,"lipstick_1":0,"eyebrows_1":0,"glasses_2":0,"makeup_4":0,"decals_2":0,"lipstick_3":0,"age_1":0}'),
	(7, 'miner', 0, 'employee', 'Employee', 25, '{"tshirt_2":1,"ears_1":8,"glasses_1":15,"torso_2":0,"ears_2":2,"glasses_2":3,"shoes_2":1,"pants_1":75,"shoes_1":51,"bags_1":0,"helmet_2":0,"pants_2":7,"torso_1":71,"tshirt_1":59,"arms":2,"bags_2":0,"helmet_1":0}', '{}'),
	(8, 'slaughterer', 0, 'employee', 'Employee', 25, '{"age_1":0,"glasses_2":0,"beard_1":5,"decals_2":0,"beard_4":0,"shoes_2":0,"tshirt_2":0,"lipstick_2":0,"hair_2":0,"arms":67,"pants_1":36,"skin":29,"eyebrows_2":0,"shoes":10,"helmet_1":-1,"lipstick_1":0,"helmet_2":0,"hair_color_1":0,"glasses":0,"makeup_4":0,"makeup_1":0,"hair_1":2,"bproof_1":0,"bags_1":0,"mask_1":0,"lipstick_3":0,"chain_1":0,"eyebrows_4":0,"sex":0,"torso_1":56,"beard_2":6,"shoes_1":12,"decals_1":0,"face":19,"lipstick_4":0,"tshirt_1":15,"mask_2":0,"age_2":0,"eyebrows_3":0,"chain_2":0,"glasses_1":0,"ears_1":-1,"bags_2":0,"ears_2":0,"torso_2":0,"bproof_2":0,"makeup_2":0,"eyebrows_1":0,"makeup_3":0,"pants_2":0,"beard_3":0,"hair_color_2":4}', '{"age_1":0,"glasses_2":0,"beard_1":5,"decals_2":0,"beard_4":0,"shoes_2":0,"tshirt_2":0,"lipstick_2":0,"hair_2":0,"arms":72,"pants_1":45,"skin":29,"eyebrows_2":0,"shoes":10,"helmet_1":-1,"lipstick_1":0,"helmet_2":0,"hair_color_1":0,"glasses":0,"makeup_4":0,"makeup_1":0,"hair_1":2,"bproof_1":0,"bags_1":0,"mask_1":0,"lipstick_3":0,"chain_1":0,"eyebrows_4":0,"sex":1,"torso_1":49,"beard_2":6,"shoes_1":24,"decals_1":0,"face":19,"lipstick_4":0,"tshirt_1":9,"mask_2":0,"age_2":0,"eyebrows_3":0,"chain_2":0,"glasses_1":5,"ears_1":-1,"bags_2":0,"ears_2":0,"torso_2":0,"bproof_2":0,"makeup_2":0,"eyebrows_1":0,"makeup_3":0,"pants_2":0,"beard_3":0,"hair_color_2":4}'),
	(9, 'ambulance', 0, 'ambulance', 'Traniee Paramedic', 20, '{"tshirt_2":0,"hair_color_1":5,"glasses_2":3,"shoes":9,"torso_2":3,"hair_color_2":0,"pants_1":24,"glasses_1":4,"hair_1":2,"sex":0,"decals_2":0,"tshirt_1":15,"helmet_1":8,"helmet_2":0,"arms":92,"face":19,"decals_1":60,"torso_1":13,"hair_2":0,"skin":34,"pants_2":5}', '{"tshirt_2":3,"decals_2":0,"glasses":0,"hair_1":2,"torso_1":73,"shoes":1,"hair_color_2":0,"glasses_1":19,"skin":13,"face":6,"pants_2":5,"tshirt_1":75,"pants_1":37,"helmet_1":57,"torso_2":0,"arms":14,"sex":1,"glasses_2":0,"decals_1":0,"hair_2":0,"helmet_2":0,"hair_color_1":0}'),
	(10, 'ambulance', 1, 'ambulance', 'Paramedic', 40, '{"tshirt_2":0,"hair_color_1":5,"glasses_2":3,"shoes":9,"torso_2":3,"hair_color_2":0,"pants_1":24,"glasses_1":4,"hair_1":2,"sex":0,"decals_2":0,"tshirt_1":15,"helmet_1":8,"helmet_2":0,"arms":92,"face":19,"decals_1":60,"torso_1":13,"hair_2":0,"skin":34,"pants_2":5}', '{"tshirt_2":3,"decals_2":0,"glasses":0,"hair_1":2,"torso_1":73,"shoes":1,"hair_color_2":0,"glasses_1":19,"skin":13,"face":6,"pants_2":5,"tshirt_1":75,"pants_1":37,"helmet_1":57,"torso_2":0,"arms":14,"sex":1,"glasses_2":0,"decals_1":0,"hair_2":0,"helmet_2":0,"hair_color_1":0}'),
	(11, 'ambulance', 2, 'ambulance', 'Cabinet', 800, '{"tshirt_2":0,"hair_color_1":5,"glasses_2":3,"shoes":9,"torso_2":3,"hair_color_2":0,"pants_1":24,"glasses_1":4,"hair_1":2,"sex":0,"decals_2":0,"tshirt_1":15,"helmet_1":8,"helmet_2":0,"arms":92,"face":19,"decals_1":60,"torso_1":13,"hair_2":0,"skin":34,"pants_2":5}', '{"tshirt_2":3,"decals_2":0,"glasses":0,"hair_1":2,"torso_1":73,"shoes":1,"hair_color_2":0,"glasses_1":19,"skin":13,"face":6,"pants_2":5,"tshirt_1":75,"pants_1":37,"helmet_1":57,"torso_2":0,"arms":14,"sex":1,"glasses_2":0,"decals_1":0,"hair_2":0,"helmet_2":0,"hair_color_1":0}'),
	(12, 'ambulance', 3, 'ambulance', 'Commissioner', 1000, '{"tshirt_2":0,"hair_color_1":5,"glasses_2":3,"shoes":9,"torso_2":3,"hair_color_2":0,"pants_1":24,"glasses_1":4,"hair_1":2,"sex":0,"decals_2":0,"tshirt_1":15,"helmet_1":8,"helmet_2":0,"arms":92,"face":19,"decals_1":60,"torso_1":13,"hair_2":0,"skin":34,"pants_2":5}', '{"tshirt_2":3,"decals_2":0,"glasses":0,"hair_1":2,"torso_1":73,"shoes":1,"hair_color_2":0,"glasses_1":19,"skin":13,"face":6,"pants_2":5,"tshirt_1":75,"pants_1":37,"helmet_1":57,"torso_2":0,"arms":14,"sex":1,"glasses_2":0,"decals_1":0,"hair_2":0,"helmet_2":0,"hair_color_1":0}'),
	(13, 'mecano', 0, 'recrue', 'Recruit', 10, '{}', '{}'),
	(14, 'mecano', 1, 'novice', 'Novice', 20, '{}', '{}'),
	(15, 'mecano', 2, 'experimente', 'Experienced', 40, '{}', '{}'),
	(16, 'mecano', 3, 'chief', 'Leader', 60, '{}', '{}'),
	(17, 'mecano', 4, 'boss', 'Boss', 100, '{}', '{}'),
	(18, 'police', 0, 'recruit', 'Recruit', 500, '{}', '{}'),
	(19, 'police', 1, 'officer', 'Officer', 700, '{}', '{}'),
	(20, 'police', 2, 'sergeant', 'Sergeant', 900, '{}', '{}'),
	(21, 'police', 3, 'lieutenant', 'Lieutenant', 1100, '{}', '{}'),
	(22, 'police', 4, 'boss', 'Chief', 1400, '{}', '{}'),
	(23, 'cardealer', 0, 'recruit', 'Recruit', 10, '{}', '{}'),
	(24, 'cardealer', 1, 'novice', 'Novice', 25, '{}', '{}'),
	(25, 'cardealer', 2, 'experienced', 'Experienced', 40, '{}', '{}'),
	(26, 'cardealer', 3, 'boss', 'Boss', 250, '{}', '{}'),
	(27, 'offpolice', 0, 'recruit', 'Recruit', 20, '{}', '{}'),
	(28, 'offpolice', 1, 'officer', 'Officer', 40, '{}', '{}'),
	(29, 'offpolice', 2, 'sergeant', 'Sergent', 60, '{}', '{}'),
	(30, 'offpolice', 3, 'lieutenant', 'Lieutenant', 80, '{}', '{}'),
	(31, 'offpolice', 4, 'boss', 'Chief', 100, '{}', '{}'),
	(32, 'offambulance', 0, 'ambulance', 'Traniee Paramedic', 20, '{}', '{}'),
	(33, 'offambulance', 1, 'doctor', 'Paramedic', 40, '{}', '{}'),
	(34, 'offambulance', 2, 'chief_doctor', 'Cabinet', 60, '{}', '{}'),
	(35, 'offambulance', 3, 'boss', 'Commissioner', 1000, '{}', '{}'),
	(36, 'offmecano', 0, 'recrue', 'Recruit', 20, '{}', '{}'),
	(37, 'offmecano', 1, 'novice', 'Novice', 40, '{}', '{}'),
	(38, 'offmecano', 2, 'experimente', 'Experienced', 60, '{}', '{}'),
	(39, 'offmecano', 3, 'chief', 'Leader', 80, '{}', '{}'),
	(40, 'offmecano', 4, 'boss', 'Boss', 100, '{}', '{}'),
	(41, 'krowa', 0, 'employee', 'Farmer', 5, '', ''),
	(42, 'pawn', 0, 'employee', 'Boss', 100, '', ''),
	(43, 'taxi', 0, 'recrue', 'Recruit', 12, '{"hair_2":0,"hair_color_2":0,"torso_1":32,"bags_1":0,"helmet_2":0,"chain_2":0,"eyebrows_3":0,"makeup_3":0,"makeup_2":0,"tshirt_1":31,"makeup_1":0,"bags_2":0,"makeup_4":0,"eyebrows_4":0,"chain_1":0,"lipstick_4":0,"bproof_2":0,"hair_color_1":0,"decals_2":0,"pants_2":0,"age_2":0,"glasses_2":0,"ears_2":0,"arms":27,"lipstick_1":0,"ears_1":-1,"mask_2":0,"sex":0,"lipstick_3":0,"helmet_1":-1,"shoes_2":0,"beard_2":0,"beard_1":0,"lipstick_2":0,"beard_4":0,"glasses_1":0,"bproof_1":0,"mask_1":0,"decals_1":1,"hair_1":0,"eyebrows_2":0,"beard_3":0,"age_1":0,"tshirt_2":0,"skin":0,"torso_2":0,"eyebrows_1":0,"face":0,"shoes_1":10,"pants_1":24}', '{"hair_2":0,"hair_color_2":0,"torso_1":57,"bags_1":0,"helmet_2":0,"chain_2":0,"eyebrows_3":0,"makeup_3":0,"makeup_2":0,"tshirt_1":38,"makeup_1":0,"bags_2":0,"makeup_4":0,"eyebrows_4":0,"chain_1":0,"lipstick_4":0,"bproof_2":0,"hair_color_1":0,"decals_2":0,"pants_2":1,"age_2":0,"glasses_2":0,"ears_2":0,"arms":21,"lipstick_1":0,"ears_1":-1,"mask_2":0,"sex":1,"lipstick_3":0,"helmet_1":-1,"shoes_2":0,"beard_2":0,"beard_1":0,"lipstick_2":0,"beard_4":0,"glasses_1":5,"bproof_1":0,"mask_1":0,"decals_1":1,"hair_1":0,"eyebrows_2":0,"beard_3":0,"age_1":0,"tshirt_2":0,"skin":0,"torso_2":0,"eyebrows_1":0,"face":0,"shoes_1":49,"pants_1":11}'),
	(44, 'taxi', 1, 'novice', 'Cabby', 24, '{"hair_2":0,"hair_color_2":0,"torso_1":32,"bags_1":0,"helmet_2":0,"chain_2":0,"eyebrows_3":0,"makeup_3":0,"makeup_2":0,"tshirt_1":31,"makeup_1":0,"bags_2":0,"makeup_4":0,"eyebrows_4":0,"chain_1":0,"lipstick_4":0,"bproof_2":0,"hair_color_1":0,"decals_2":0,"pants_2":0,"age_2":0,"glasses_2":0,"ears_2":0,"arms":27,"lipstick_1":0,"ears_1":-1,"mask_2":0,"sex":0,"lipstick_3":0,"helmet_1":-1,"shoes_2":0,"beard_2":0,"beard_1":0,"lipstick_2":0,"beard_4":0,"glasses_1":0,"bproof_1":0,"mask_1":0,"decals_1":1,"hair_1":0,"eyebrows_2":0,"beard_3":0,"age_1":0,"tshirt_2":0,"skin":0,"torso_2":0,"eyebrows_1":0,"face":0,"shoes_1":10,"pants_1":24}', '{"hair_2":0,"hair_color_2":0,"torso_1":57,"bags_1":0,"helmet_2":0,"chain_2":0,"eyebrows_3":0,"makeup_3":0,"makeup_2":0,"tshirt_1":38,"makeup_1":0,"bags_2":0,"makeup_4":0,"eyebrows_4":0,"chain_1":0,"lipstick_4":0,"bproof_2":0,"hair_color_1":0,"decals_2":0,"pants_2":1,"age_2":0,"glasses_2":0,"ears_2":0,"arms":21,"lipstick_1":0,"ears_1":-1,"mask_2":0,"sex":1,"lipstick_3":0,"helmet_1":-1,"shoes_2":0,"beard_2":0,"beard_1":0,"lipstick_2":0,"beard_4":0,"glasses_1":5,"bproof_1":0,"mask_1":0,"decals_1":1,"hair_1":0,"eyebrows_2":0,"beard_3":0,"age_1":0,"tshirt_2":0,"skin":0,"torso_2":0,"eyebrows_1":0,"face":0,"shoes_1":49,"pants_1":11}'),
	(45, 'taxi', 2, 'experimente', 'Experienced', 36, '{"hair_2":0,"hair_color_2":0,"torso_1":26,"bags_1":0,"helmet_2":0,"chain_2":0,"eyebrows_3":0,"makeup_3":0,"makeup_2":0,"tshirt_1":57,"makeup_1":0,"bags_2":0,"makeup_4":0,"eyebrows_4":0,"chain_1":0,"lipstick_4":0,"bproof_2":0,"hair_color_1":0,"decals_2":0,"pants_2":4,"age_2":0,"glasses_2":0,"ears_2":0,"arms":11,"lipstick_1":0,"ears_1":-1,"mask_2":0,"sex":0,"lipstick_3":0,"helmet_1":-1,"shoes_2":0,"beard_2":0,"beard_1":0,"lipstick_2":0,"beard_4":0,"glasses_1":0,"bproof_1":0,"mask_1":0,"decals_1":0,"hair_1":0,"eyebrows_2":0,"beard_3":0,"age_1":0,"tshirt_2":0,"skin":0,"torso_2":0,"eyebrows_1":0,"face":0,"shoes_1":10,"pants_1":24}', '{"hair_2":0,"hair_color_2":0,"torso_1":57,"bags_1":0,"helmet_2":0,"chain_2":0,"eyebrows_3":0,"makeup_3":0,"makeup_2":0,"tshirt_1":38,"makeup_1":0,"bags_2":0,"makeup_4":0,"eyebrows_4":0,"chain_1":0,"lipstick_4":0,"bproof_2":0,"hair_color_1":0,"decals_2":0,"pants_2":1,"age_2":0,"glasses_2":0,"ears_2":0,"arms":21,"lipstick_1":0,"ears_1":-1,"mask_2":0,"sex":1,"lipstick_3":0,"helmet_1":-1,"shoes_2":0,"beard_2":0,"beard_1":0,"lipstick_2":0,"beard_4":0,"glasses_1":5,"bproof_1":0,"mask_1":0,"decals_1":1,"hair_1":0,"eyebrows_2":0,"beard_3":0,"age_1":0,"tshirt_2":0,"skin":0,"torso_2":0,"eyebrows_1":0,"face":0,"shoes_1":49,"pants_1":11}'),
	(46, 'taxi', 3, 'uber', 'Uber Cabby', 48, '{"hair_2":0,"hair_color_2":0,"torso_1":26,"bags_1":0,"helmet_2":0,"chain_2":0,"eyebrows_3":0,"makeup_3":0,"makeup_2":0,"tshirt_1":57,"makeup_1":0,"bags_2":0,"makeup_4":0,"eyebrows_4":0,"chain_1":0,"lipstick_4":0,"bproof_2":0,"hair_color_1":0,"decals_2":0,"pants_2":4,"age_2":0,"glasses_2":0,"ears_2":0,"arms":11,"lipstick_1":0,"ears_1":-1,"mask_2":0,"sex":0,"lipstick_3":0,"helmet_1":-1,"shoes_2":0,"beard_2":0,"beard_1":0,"lipstick_2":0,"beard_4":0,"glasses_1":0,"bproof_1":0,"mask_1":0,"decals_1":0,"hair_1":0,"eyebrows_2":0,"beard_3":0,"age_1":0,"tshirt_2":0,"skin":0,"torso_2":0,"eyebrows_1":0,"face":0,"shoes_1":10,"pants_1":24}', '{"hair_2":0,"hair_color_2":0,"torso_1":57,"bags_1":0,"helmet_2":0,"chain_2":0,"eyebrows_3":0,"makeup_3":0,"makeup_2":0,"tshirt_1":38,"makeup_1":0,"bags_2":0,"makeup_4":0,"eyebrows_4":0,"chain_1":0,"lipstick_4":0,"bproof_2":0,"hair_color_1":0,"decals_2":0,"pants_2":1,"age_2":0,"glasses_2":0,"ears_2":0,"arms":21,"lipstick_1":0,"ears_1":-1,"mask_2":0,"sex":1,"lipstick_3":0,"helmet_1":-1,"shoes_2":0,"beard_2":0,"beard_1":0,"lipstick_2":0,"beard_4":0,"glasses_1":5,"bproof_1":0,"mask_1":0,"decals_1":1,"hair_1":0,"eyebrows_2":0,"beard_3":0,"age_1":0,"tshirt_2":0,"skin":0,"torso_2":0,"eyebrows_1":0,"face":0,"shoes_1":49,"pants_1":11}'),
	(47, 'taxi', 4, 'boss', 'Lead Cabby', 70, '{"hair_2":0,"hair_color_2":0,"torso_1":29,"bags_1":0,"helmet_2":0,"chain_2":0,"eyebrows_3":0,"makeup_3":0,"makeup_2":0,"tshirt_1":31,"makeup_1":0,"bags_2":0,"makeup_4":0,"eyebrows_4":0,"chain_1":0,"lipstick_4":0,"bproof_2":0,"hair_color_1":0,"decals_2":0,"pants_2":4,"age_2":0,"glasses_2":0,"ears_2":0,"arms":1,"lipstick_1":0,"ears_1":-1,"mask_2":0,"sex":0,"lipstick_3":0,"helmet_1":-1,"shoes_2":0,"beard_2":0,"beard_1":0,"lipstick_2":0,"beard_4":0,"glasses_1":0,"bproof_1":0,"mask_1":0,"decals_1":0,"hair_1":0,"eyebrows_2":0,"beard_3":0,"age_1":0,"tshirt_2":0,"skin":0,"torso_2":4,"eyebrows_1":0,"face":0,"shoes_1":10,"pants_1":24}', '{"hair_2":0,"hair_color_2":0,"torso_1":57,"bags_1":0,"helmet_2":0,"chain_2":0,"eyebrows_3":0,"makeup_3":0,"makeup_2":0,"tshirt_1":38,"makeup_1":0,"bags_2":0,"makeup_4":0,"eyebrows_4":0,"chain_1":0,"lipstick_4":0,"bproof_2":0,"hair_color_1":0,"decals_2":0,"pants_2":1,"age_2":0,"glasses_2":0,"ears_2":0,"arms":21,"lipstick_1":0,"ears_1":-1,"mask_2":0,"sex":1,"lipstick_3":0,"helmet_1":-1,"shoes_2":0,"beard_2":0,"beard_1":0,"lipstick_2":0,"beard_4":0,"glasses_1":5,"bproof_1":0,"mask_1":0,"decals_1":1,"hair_1":0,"eyebrows_2":0,"beard_3":0,"age_1":0,"tshirt_2":0,"skin":0,"torso_2":0,"eyebrows_1":0,"face":0,"shoes_1":49,"pants_1":11}'),
	(48, 'steves', 0, 'steves', 'Steves Tacos', 50, '{}', '{}'),
	(49, 'mafia', 0, 'soldato', 'Ptite-Frappe', 20, '{}', '{}'),
	(50, 'mafia', 1, 'capo', 'Capo', 40, '{}', '{}'),
	(51, 'mafia', 2, 'consigliere', 'Consigliere', 60, '{}', '{}'),
	(52, 'mafia', 3, 'boss', 'Don', 80, '{}', '{}'),
	(156, 'cardealerluxury', 0, 'recruit', 'Recruit', 10, '{}', '{}'),
	(157, 'cardealerluxury', 1, 'novice', 'Novice', 25, '{}', '{}'),
	(158, 'cardealerluxury', 2, 'experienced', 'Experienced', 40, '{}', '{}'),
	(159, 'cardealerluxury', 3, 'boss', 'Boss', 0, '{}', '{}'),
	(162, 'trucker', 0, 'employee', 'Employee', 200, '{"tshirt_1":59,"torso_1":89,"arms":31,"pants_1":36,"glasses_1":19,"decals_2":0,"hair_color_2":0,"helmet_2":0,"hair_color_1":0,"face":2,"glasses_2":0,"torso_2":1,"shoes":35,"hair_1":0,"skin":0,"sex":0,"glasses_1":19,"pants_2":0,"hair_2":0,"decals_1":0,"tshirt_2":0,"helmet_1":5}', '{"tshirt_1":36,"torso_1":0,"arms":68,"pants_1":30,"glasses_1":15,"decals_2":0,"hair_color_2":0,"helmet_2":0,"hair_color_1":0,"face":27,"glasses_2":0,"torso_2":11,"shoes":26,"hair_1":5,"skin":0,"sex":1,"glasses_1":15,"pants_2":2,"hair_2":0,"decals_1":0,"tshirt_2":0,"helmet_1":19}');
/*!40000 ALTER TABLE `job_grades` ENABLE KEYS */;

-- Dumping structure for table essentialmode1.jsfour_atm
CREATE TABLE IF NOT EXISTS `jsfour_atm` (
  `identifier` varchar(255) CHARACTER SET utf8mb4 COLLATE utf8mb4_bin NOT NULL,
  `account` varchar(255) CHARACTER SET utf8mb4 COLLATE utf8mb4_bin DEFAULT NULL
) ENGINE=InnoDB DEFAULT CHARSET=latin1;

-- Dumping data for table essentialmode1.jsfour_atm: ~71 rows (approximately)
/*!40000 ALTER TABLE `jsfour_atm` DISABLE KEYS */;
INSERT IGNORE INTO `jsfour_atm` (`identifier`, `account`) VALUES

/*!40000 ALTER TABLE `jsfour_atm` ENABLE KEYS */;

-- Dumping structure for table essentialmode1.licenses
CREATE TABLE IF NOT EXISTS `licenses` (
  `type` varchar(60) NOT NULL,
  `label` varchar(60) NOT NULL,
  PRIMARY KEY (`type`)
) ENGINE=InnoDB DEFAULT CHARSET=utf8mb4;

-- Dumping data for table essentialmode1.licenses: ~10 rows (approximately)
/*!40000 ALTER TABLE `licenses` DISABLE KEYS */;
INSERT IGNORE INTO `licenses` (`type`, `label`) VALUES
	('dmv', 'Driving Permit'),
	('drive', 'Drivers License'),
	('drive_bike', 'Motorcycle License'),
	('drive_truck', 'Commercial Drivers License'),
	('gold_processing', 'Gold Processing License'),
	('weapon', 'Weapons License'),
	('weapon_handgun', 'Handgun Weapons License'),
	('weapon_melee', 'Melee Weapons License'),
	('weapon_shotgun', 'Shotgun Weapons License'),
	('weapon_smg', 'SMG Weapons License');
/*!40000 ALTER TABLE `licenses` ENABLE KEYS */;

-- Dumping structure for table essentialmode1.mdt_reports
CREATE TABLE IF NOT EXISTS `mdt_reports` (
  `id` int(11) NOT NULL AUTO_INCREMENT,
  `char_id` varchar(255) DEFAULT NULL,
  `title` varchar(255) DEFAULT NULL,
  `incident` longtext DEFAULT NULL,
  `charges` longtext DEFAULT NULL,
  `author` varchar(255) DEFAULT NULL,
  `name` varchar(255) DEFAULT NULL,
  `date` varchar(255) DEFAULT NULL,
  PRIMARY KEY (`id`)
) ENGINE=InnoDB AUTO_INCREMENT=13 DEFAULT CHARSET=utf8mb4;

-- Dumping data for table essentialmode1.mdt_reports: ~9 rows (approximately)
/*!40000 ALTER TABLE `mdt_reports` DISABLE KEYS */;
INSERT IGNORE INTO `mdt_reports` (`id`, `char_id`, `title`, `incident`, `charges`, `author`, `name`, `date`) VALUES

-- Dumping structure for table essentialmode1.mdt_warrants
CREATE TABLE IF NOT EXISTS `mdt_warrants` (
  `id` int(11) NOT NULL AUTO_INCREMENT,
  `name` varchar(255) DEFAULT NULL,
  `char_id` varchar(255) DEFAULT NULL,
  `report_id` int(11) DEFAULT NULL,
  `report_title` varchar(255) DEFAULT NULL,
  `charges` longtext DEFAULT NULL,
  `date` varchar(255) DEFAULT NULL,
  `expire` varchar(255) DEFAULT NULL,
  `notes` varchar(255) DEFAULT NULL,
  `author` varchar(255) DEFAULT NULL,
  PRIMARY KEY (`id`)
) ENGINE=InnoDB AUTO_INCREMENT=8 DEFAULT CHARSET=utf8mb4;

-- Dumping data for table essentialmode1.mdt_warrants: ~0 rows (approximately)
/*!40000 ALTER TABLE `mdt_warrants` DISABLE KEYS */;
/*!40000 ALTER TABLE `mdt_warrants` ENABLE KEYS */;

-- Dumping structure for table essentialmode1.metrics_fps
CREATE TABLE IF NOT EXISTS `metrics_fps` (
  `metrics_fps_id` bigint(20) unsigned NOT NULL AUTO_INCREMENT,
  `lowFrames` int(3) DEFAULT NULL,
  `avgFrames` int(3) DEFAULT NULL,
  `highFrames` int(3) DEFAULT NULL,
  `source_id` varchar(32) COLLATE utf8mb4_bin DEFAULT NULL,
  `date_recorded` datetime DEFAULT current_timestamp(),
  PRIMARY KEY (`metrics_fps_id`)
) ENGINE=InnoDB AUTO_INCREMENT=73338 DEFAULT CHARSET=utf8mb4 COLLATE=utf8mb4_bin;

-- Dumping data for table essentialmode1.metrics_fps: ~2,750 rows (approximately)
/*!40000 ALTER TABLE `metrics_fps` DISABLE KEYS */;
INSERT IGNORE INTO `metrics_fps` (`metrics_fps_id`, `lowFrames`, `avgFrames`, `highFrames`, `source_id`, `date_recorded`) VALUES

/*!40000 ALTER TABLE `metrics_fps` ENABLE KEYS */;

-- Dumping structure for table essentialmode1.owned_vehicles
CREATE TABLE IF NOT EXISTS `owned_vehicles` (
  `owner` varchar(40) NOT NULL,
  `state` tinyint(1) NOT NULL DEFAULT 0,
  `plate` varchar(12) NOT NULL,
  `vehicle` longtext DEFAULT NULL,
  `type` varchar(20) NOT NULL DEFAULT 'car',
  `job` varchar(20) DEFAULT NULL,
  `stored` tinyint(1) NOT NULL DEFAULT 0,
  PRIMARY KEY (`plate`)
) ENGINE=InnoDB DEFAULT CHARSET=utf8mb4;

-- Dumping data for table essentialmode1.owned_vehicles: ~176 rows (approximately)
/*!40000 ALTER TABLE `owned_vehicles` DISABLE KEYS */;
INSERT IGNORE INTO `owned_vehicles` (`owner`, `state`, `plate`, `vehicle`, `type`, `job`, `stored`) VALUES

/*!40000 ALTER TABLE `owned_vehicles` ENABLE KEYS */;

-- Dumping structure for table essentialmode1.phone_app_chat
CREATE TABLE IF NOT EXISTS `phone_app_chat` (
  `id` int(11) NOT NULL AUTO_INCREMENT,
  `channel` varchar(20) NOT NULL,
  `message` varchar(255) NOT NULL,
  `time` timestamp NOT NULL DEFAULT current_timestamp(),
  PRIMARY KEY (`id`)
) ENGINE=InnoDB AUTO_INCREMENT=28 DEFAULT CHARSET=utf8;

-- Dumping data for table essentialmode1.phone_app_chat: ~0 rows (approximately)
/*!40000 ALTER TABLE `phone_app_chat` DISABLE KEYS */;
/*!40000 ALTER TABLE `phone_app_chat` ENABLE KEYS */;

-- Dumping structure for table essentialmode1.phone_calls
CREATE TABLE IF NOT EXISTS `phone_calls` (
  `id` int(11) NOT NULL AUTO_INCREMENT,
  `owner` varchar(10) NOT NULL COMMENT 'Name',
  `num` varchar(10) NOT NULL COMMENT 'Phone Number',
  `incoming` int(11) NOT NULL COMMENT 'Define Incoming Call',
  `time` timestamp NOT NULL DEFAULT current_timestamp(),
  `accepts` int(11) NOT NULL COMMENT 'Accept Call',
  PRIMARY KEY (`id`)
) ENGINE=InnoDB AUTO_INCREMENT=353 DEFAULT CHARSET=utf8;

-- Dumping data for table essentialmode1.phone_calls: ~34 rows (approximately)
/*!40000 ALTER TABLE `phone_calls` DISABLE KEYS */;
INSERT IGNORE INTO `phone_calls` (`id`, `owner`, `num`, `incoming`, `time`, `accepts`) VALUES
	(319, '858-8733', '820-1332', 1, '2020-11-07 12:43:41', 1),
	(320, '820-1332', '858-8733', 0, '2020-11-07 12:43:41', 1),
	(321, '858-8733', '820-1332', 1, '2020-11-07 12:44:33', 1),
	(322, '820-1332', '858-8733', 0, '2020-11-07 12:44:33', 1),
	(323, '858-8733', '820-1332', 1, '2020-11-07 12:44:49', 0),
	(324, '820-1332', '858-8733', 0, '2020-11-07 12:44:49', 0),
	(325, '858-8733', '820-1332', 1, '2020-11-07 12:48:41', 1),
	(326, '820-1332', '858-8733', 0, '2020-11-07 12:48:41', 1),
	(327, '858-8733', '820-1332', 1, '2020-11-07 12:48:43', 1),
	(328, '820-1332', '858-8733', 0, '2020-11-07 12:48:43', 1),
	(329, '820-1332', '0359339414', 1, '2020-11-07 13:00:37', 0),
	(330, '0359399414', '820-1332', 1, '2020-11-07 13:01:38', 1),
	(331, '820-1332', '0359399414', 0, '2020-11-07 13:01:38', 1),
	(332, '820-1332', '0359399414', 1, '2020-11-07 13:47:48', 0),
	(333, '820-1332', '0489-791-2', 1, '2020-11-07 13:49:03', 0),
	(334, '820-1332', '04897912', 1, '2020-11-07 13:49:50', 0),
	(335, '820-1332', '0489791263', 1, '2020-11-07 13:50:19', 0),
	(336, '825-5277', '947-1624', 1, '2020-11-10 19:32:53', 0),
	(337, '947-1624', '825-5277', 0, '2020-11-10 19:32:53', 0),
	(338, '825-5277', '947-1624', 1, '2020-11-10 19:33:03', 1),
	(339, '947-1624', '825-5277', 0, '2020-11-10 19:33:03', 1),
	(340, '825-5277', '947-1624', 1, '2020-11-10 19:33:04', 1),
	(341, '947-1624', '825-5277', 0, '2020-11-10 19:33:04', 1),
	(342, '947-1624', '825-5277', 0, '2020-11-10 19:38:53', 1),
	(343, '825-5277', '947-1624', 1, '2020-11-10 19:38:53', 1),
	(344, '825-5277', '947-1624', 1, '2020-11-10 19:39:40', 0),
	(345, '947-1624', '825-5277', 0, '2020-11-10 19:39:40', 0),
	(346, '825-5277', '947-1624', 1, '2020-11-10 19:39:51', 1),
	(347, '947-1624', '825-5277', 0, '2020-11-10 19:39:51', 1),
	(348, '420-6969', '825-5277', 0, '2020-11-10 19:40:49', 1),
	(349, '825-5277', '420-6969', 1, '2020-11-10 19:40:49', 1),
	(350, '947-1624', '825-5277', 0, '2020-11-10 19:41:16', 1),
	(351, '825-5277', '947-1624', 1, '2020-11-10 19:41:16', 1),
	(352, '045-0310', 'police', 1, '2020-11-12 12:32:18', 0);
/*!40000 ALTER TABLE `phone_calls` ENABLE KEYS */;

-- Dumping structure for table essentialmode1.phone_messages
CREATE TABLE IF NOT EXISTS `phone_messages` (
  `id` int(11) NOT NULL AUTO_INCREMENT,
  `transmitter` varchar(10) NOT NULL,
  `receiver` varchar(10) NOT NULL,
  `message` varchar(255) NOT NULL DEFAULT '0',
  `time` timestamp NOT NULL DEFAULT current_timestamp(),
  `isRead` int(11) NOT NULL DEFAULT 0,
  `owner` int(11) NOT NULL DEFAULT 0,
  PRIMARY KEY (`id`)
) ENGINE=MyISAM AUTO_INCREMENT=10894 DEFAULT CHARSET=utf8;

-- Dumping data for table essentialmode1.phone_messages: 104 rows
/*!40000 ALTER TABLE `phone_messages` DISABLE KEYS */;
INSERT IGNORE INTO `phone_messages` (`id`, `transmitter`, `receiver`, `message`, `time`, `isRead`, `owner`) VALUES
	(10817, 'ambulance', '115-7779', 'From #698-2108 : Medical attention required: unconscious citizen! 279.84161376953, -602.90344238281', '2020-10-29 16:26:37', 0, 0),
	(10816, 'ambulance', '115-7779', 'From #591-8807 : Medical attention required: unconscious citizen! 252.67967224121, -828.25506591797', '2020-10-29 16:23:44', 0, 0),
	(10815, 'ambulance', '115-7779', 'From #407-8110 : Medical attention required: unconscious citizen! 279.11517333984, -520.85931396484', '2020-10-29 16:18:46', 0, 0),
	(10814, 'ambulance', '115-7779', 'From #492-4843 : Medical attention required: unconscious citizen! 361.29321289063, -657.76422119141', '2020-10-29 16:17:33', 0, 0),
	(10813, 'ambulance', '825-5277', 'From #637-1385 : Medical attention required: unconscious citizen! 278.8401184082, -595.67474365234', '2020-10-29 16:12:49', 0, 0),
	(10812, 'ambulance', '115-7779', 'From #637-1385 : Medical attention required: unconscious citizen! 278.8401184082, -595.67474365234', '2020-10-29 16:12:49', 0, 0),
	(10811, 'ambulance', '820-1332', 'From #407-8110 : Medical attention required: unconscious citizen! 328.11135864258, -783.67248535156', '2020-10-28 17:11:14', 0, 0),
	(10810, 'ambulance', '820-1332', 'From #947-1624 : Medical attention required: unconscious citizen! 510.07327270508, -835.876953125', '2020-10-28 15:17:44', 0, 0),
	(10809, 'ambulance', '820-1332', 'From #637-1385 : Medical attention required: unconscious citizen! 558.71057128906, -854.54632568359', '2020-10-28 15:17:08', 0, 0),
	(10808, 'ambulance', '820-1332', 'From #591-8807 : Medical attention required: unconscious citizen! 535.54046630859, -766.71789550781', '2020-10-28 15:16:14', 0, 0),
	(10807, 'police', '661-6618', 'erratic driver', '2020-10-27 12:15:37', 1, 1),
	(10806, 'police', '661-6618', 'From #661-6618 : erratic driver', '2020-10-27 12:15:37', 0, 0),
	(10805, 'police', '227-6228', 'From #661-6618 : erratic driver', '2020-10-27 12:15:37', 0, 0),
	(10804, 'police', '661-6618', 'GPS: -1250.4108886719, -308.63613891602', '2020-10-27 12:15:33', 1, 1),
	(10803, 'police', '661-6618', 'From #661-6618 : GPS: -1250.4108886719, -308.63613891602', '2020-10-27 12:15:33', 1, 0),
	(10802, 'police', '227-6228', 'From #661-6618 : GPS: -1250.4108886719, -308.63613891602', '2020-10-27 12:15:33', 0, 0),
	(10801, 'ambulance', '858-8733', 'help', '2020-10-23 12:48:54', 1, 1),
	(10799, 'police', '858-8733', 'GPS: -79.978225708008, 6306.3032226562', '2020-10-23 12:37:09', 1, 1),
	(10800, 'ambulance', '858-8733', 'GPS: -108.76770019531, 6278.7626953125', '2020-10-23 12:37:11', 1, 1),
	(10798, 'police', '858-8733', 'From #858-8733 : GPS: -79.978225708008, 6306.3032226562', '2020-10-23 12:37:09', 1, 0),
	(10797, 'police', '858-8733', 'GPS: 52.262466430664, 6440.7919921875', '2020-10-23 12:36:58', 1, 1),
	(10796, 'ambulance', '858-8733', 'ahahha', '2020-10-22 20:20:40', 1, 1),
	(10795, 'police', '858-8733', 'I need help armed gunman here', '2020-10-22 20:17:16', 1, 1),
	(10794, 'police', '858-8733', 'From #858-8733 : I need help armed gunman here', '2020-10-22 20:17:16', 1, 0),
	(10793, 'police', '858-8733', 'GPS: 101.95440673828, -1403.3624267578', '2020-10-22 20:05:51', 1, 1),
	(10792, 'police', '858-8733', 'From #858-8733 : GPS: 101.95440673828, -1403.3624267578', '2020-10-22 20:05:50', 1, 0),
	(10790, 'police', '858-8733', 'From #858-8733 : oi', '2020-10-22 19:57:33', 1, 0),
	(10791, 'police', '858-8733', 'oi', '2020-10-22 19:57:33', 1, 1),
	(10818, 'ambulance', '115-7779', 'From #947-1624 : Medical attention required: unconscious citizen! 294.85656738281, -593.55834960938', '2020-10-29 16:27:30', 0, 0),
	(10819, 'ambulance', '115-7779', 'From #637-1385 : Medical attention required: unconscious citizen! 210.2894744873, -719.94708251953', '2020-10-29 16:30:51', 0, 0),
	(10820, 'ambulance', '115-7779', 'From #698-2108 : Medical attention required: unconscious citizen! 221.72143554688, -723.29656982422', '2020-10-29 16:31:19', 0, 0),
	(10821, 'ambulance', '115-7779', 'From #698-2108 : Medical attention required: unconscious citizen! 221.82633972168, -723.23754882813', '2020-10-29 16:31:56', 0, 0),
	(10822, 'ambulance', '825-5277', 'From #314-6829 : Medical attention required: unconscious citizen! 281.26336669922, -602.37573242188', '2020-10-29 17:17:10', 0, 0),
	(10823, 'ambulance', '825-5277', 'From #314-6829 : Medical attention required: unconscious citizen! 208.93870544434, -1046.5546875', '2020-10-29 17:26:36', 0, 0),
	(10824, 'ambulance', '825-5277', 'From #698-2108 : Medical attention required: unconscious citizen! -1082.7531738281, -3263.2546386719', '2020-10-29 17:51:14', 0, 0),
	(10825, 'ambulance', '825-5277', 'From #415-4453 : Medical attention required: unconscious citizen! -2045.3347167969, -1037.5543212891', '2020-10-29 17:57:50', 0, 0),
	(10826, 'ambulance', '115-7779', 'From #637-1385 : Medical attention required: unconscious citizen! -630.21081542969, -237.7625579834', '2020-10-30 16:02:31', 0, 0),
	(10827, 'ambulance', '115-7779', 'From #637-1385 : Medical attention required: unconscious citizen! -626.64923095703, -238.62922668457', '2020-10-30 16:03:51', 0, 0),
	(10828, 'ambulance', '115-7779', 'From #637-1385 : Medical attention required: unconscious citizen! 192.98530578613, -1025.5617675781', '2020-10-30 16:16:38', 0, 0),
	(10829, 'ambulance', '115-7779', 'From #637-1385 : Medical attention required: unconscious citizen! -213.35556030273, -941.01025390625', '2020-10-30 16:21:24', 0, 0),
	(10830, 'ambulance', '115-7779', 'From #637-1385 : Medical attention required: unconscious citizen! 8.6388273239136, -1149.7740478516', '2020-10-30 16:37:36', 0, 0),
	(10831, 'ambulance', '115-7779', 'From #591-8807 : Medical attention required: unconscious citizen! 5.8256525993347, -1150.9315185547', '2020-10-30 16:42:07', 0, 0),
	(10832, 'ambulance', '115-7779', 'From #591-8807 : Medical attention required: unconscious citizen! 729.37860107422, -980.13812255859', '2020-10-30 16:50:35', 0, 0),
	(10833, 'ambulance', '115-7779', 'From #115-7779 : Medical attention required: unconscious citizen! -390.43695068359, 4066.685546875', '2020-10-30 18:31:15', 0, 0),
	(10834, 'ambulance', '115-7779', 'From #852-0516 : Medical attention required: unconscious citizen! -390.86904907227, 4067.2375488281', '2020-10-30 18:31:16', 0, 0),
	(10835, 'ambulance', '115-7779', 'From #825-5277 : Medical attention required: unconscious citizen! -374.24649047852, 3808.1801757813', '2020-10-30 18:33:05', 0, 0),
	(10836, 'ambulance', '115-7779', 'From #825-5277 : Medical attention required: unconscious citizen! -389.98599243164, 3808.5817871094', '2020-10-30 18:34:24', 0, 0),
	(10837, 'ambulance', '115-7779', 'From #852-0516 : Medical attention required: unconscious citizen! -391.30780029297, 3799.6801757813', '2020-10-30 18:35:36', 0, 0),
	(10838, 'ambulance', '115-7779', 'From #115-7779 : Medical attention required: unconscious citizen! -460.12414550781, 4124.22265625', '2020-10-30 18:44:31', 0, 0),
	(10839, 'ambulance', '115-7779', 'From #591-8807 : Medical attention required: unconscious citizen! 340.70251464844, 6617.1689453125', '2020-10-30 18:52:02', 0, 0),
	(10840, 'ambulance', '115-7779', 'From #591-8807 : Medical attention required: unconscious citizen! -236.27601623535, 6116.4921875', '2020-10-30 18:59:55', 0, 0),
	(10841, 'ambulance', '115-7779', 'From #591-8807 : Medical attention required: unconscious citizen! 1633.1423339844, 2558.4248046875', '2020-10-30 19:08:58', 0, 0),
	(10842, 'ambulance', '115-7779', 'From #115-7779 : Medical attention required: unconscious citizen! 1536.0686035156, 2595.9936523438', '2020-10-30 19:10:00', 0, 0),
	(10843, 'ambulance', '115-7779', 'From #591-8807 : Medical attention required: unconscious citizen! 1625.4781494141, 3206.625', '2020-10-30 19:30:58', 0, 0),
	(10844, 'ambulance', '115-7779', 'From #362-0326 : Medical attention required: unconscious citizen! 1700.1510009766, 3253.2446289063', '2020-10-30 19:35:44', 0, 0),
	(10845, 'ambulance', '115-7779', 'From #591-8807 : Medical attention required: unconscious citizen! 1643.9437255859, 3241.8935546875', '2020-10-30 19:38:24', 0, 0),
	(10846, 'police', '852-0516', 'hoe', '2020-10-31 11:28:46', 1, 1),
	(10847, 'ambulance', '115-7779', 'From #858-7468 : Medical attention required: unconscious citizen! 366.40872192383, -595.66436767578', '2020-10-31 19:10:55', 0, 0),
	(10848, 'ambulance', '115-7779', 'From #858-7468 : Medical attention required: unconscious citizen! 369.29568481445, -1063.4519042969', '2020-10-31 19:15:12', 0, 0),
	(10849, 'ambulance', '115-7779', 'From #858-7468 : Medical attention required: unconscious citizen! 408.70678710938, -990.83776855469', '2020-10-31 19:17:34', 0, 0),
	(10850, 'ambulance', '115-7779', 'From #655-2973 : Medical attention required: unconscious citizen! 408.39752197266, -984.95208740234', '2020-10-31 19:18:00', 0, 0),
	(10851, 'ambulance', '115-7779', 'From #858-7468 : Medical attention required: unconscious citizen! 408.78219604492, -985.0634765625', '2020-10-31 19:18:42', 0, 0),
	(10852, 'ambulance', '115-7779', 'From #852-0516 : Medical attention required: unconscious citizen! 405.28955078125, -1005.5926513672', '2020-10-31 19:20:33', 0, 0),
	(10853, 'ambulance', '115-7779', 'From #858-7468 : Medical attention required: unconscious citizen! -276.1350402832, -1848.1995849609', '2020-10-31 19:23:01', 0, 0),
	(10854, 'ambulance', '115-7779', 'From #947-1624 : Medical attention required: unconscious citizen! 5.1814126968384, -970.23742675781', '2020-10-31 19:23:06', 0, 0),
	(10855, 'ambulance', '115-7779', 'From #858-7468 : Medical attention required: unconscious citizen! -267.12954711914, -1864.6138916016', '2020-10-31 19:23:21', 0, 0),
	(10856, 'ambulance', '115-7779', 'From #852-0516 : Medical attention required: unconscious citizen! -270.65975952148, -1861.1072998047', '2020-10-31 19:23:47', 0, 0),
	(10857, 'ambulance', '115-7779', 'From #852-0516 : Medical attention required: unconscious citizen! -292.05282592773, -1850.4443359375', '2020-10-31 19:25:49', 0, 0),
	(10858, 'ambulance', '115-7779', 'From #115-7779 : Medical attention required: unconscious citizen! -264.70419311523, -1848.3455810547', '2020-10-31 19:26:52', 0, 0),
	(10859, 'ambulance', '115-7779', 'From #852-0516 : Medical attention required: unconscious citizen! -281.5439453125, -1863.9372558594', '2020-10-31 19:27:44', 0, 0),
	(10860, 'ambulance', '115-7779', 'From #655-2973 : Medical attention required: unconscious citizen! -355.00421142578, -1421.2873535156', '2020-10-31 19:27:44', 0, 0),
	(10861, 'ambulance', '115-7779', 'From #858-7468 : Medical attention required: unconscious citizen! -273.05282592773, -1855.3708496094', '2020-10-31 19:28:50', 0, 0),
	(10862, 'ambulance', '115-7779', 'From #852-0516 : Medical attention required: unconscious citizen! 229.7052154541, -800.18658447266', '2020-11-01 14:16:49', 0, 0),
	(10863, 'ambulance', '115-7779', 'From #115-7779 : Medical attention required: unconscious citizen! 221.77304077148, -803.20483398438', '2020-11-01 14:25:25', 0, 0),
	(10864, 'ambulance', '858-8733', 'YA', '2020-11-02 04:42:06', 1, 1),
	(10865, 'ambulance', '115-7779', 'From #858-7468 : Medical attention required: unconscious citizen! 2830.798828125, 3294.4401855469', '2020-11-03 16:00:56', 0, 0),
	(10866, 'ambulance', '115-7779', 'From #858-7468 : Medical attention required: unconscious citizen! 2608.0959472656, 1628.4665527344', '2020-11-03 16:03:34', 0, 0),
	(10867, 'ambulance', '115-7779', 'From #858-7468 : Medical attention required: unconscious citizen! 1869.1502685547, 3679.5346679688', '2020-11-03 16:12:13', 0, 0),
	(10868, 'ambulance', '858-8733', 'GPS: 59.590522766113, -1077.0561523438', '2020-11-03 16:36:48', 1, 1),
	(10869, 'ambulance', '696-9889', 'From #858-7468 : Medical attention required: unconscious citizen! 3302.5695800781, -126.72277069092', '2020-11-04 10:42:59', 0, 0),
	(10870, 'ambulance', '858-8733', 'From #858-7468 : Medical attention required: unconscious citizen! -606.15270996094, -146.05151367188', '2020-11-04 10:51:02', 0, 0),
	(10871, 'ambulance', '858-8733', 'From #858-7468 : Medical attention required: unconscious citizen! -598.45471191406, -211.00845336914', '2020-11-04 10:54:29', 0, 0),
	(10872, 'ambulance', '858-8733', 'From #858-7468 : Medical attention required: unconscious citizen! -624.10412597656, -148.35231018066', '2020-11-04 10:55:42', 0, 0),
	(10873, 'ambulance', '858-8733', 'From #858-7468 : Medical attention required: unconscious citizen! -634.92498779297, -118.03121948242', '2020-11-04 10:58:33', 0, 0),
	(10874, 'police', '858-8733', 'From #415-4453 : bitch', '2020-11-04 13:22:16', 0, 0),
	(10875, 'police', '415-4453', 'From #415-4453 : bitch', '2020-11-04 13:22:16', 1, 0),
	(10876, 'police', '415-4453', 'bitch', '2020-11-04 13:22:16', 1, 1),
	(10877, 'police', '858-8733', 'From #415-4453 : GPS Live Position', '2020-11-04 13:27:03', 0, 0),
	(10878, 'police', '415-4453', 'GPS Live Position: 1 min', '2020-11-04 13:27:03', 1, 1),
	(10879, 'police', '858-8733', 'From #415-4453 : GPS Live Position', '2020-11-04 13:30:01', 0, 0),
	(10880, 'police', '415-4453', 'From #415-4453 : GPS Live Position', '2020-11-04 13:30:01', 1, 0),
	(10881, 'police', '820-1332', 'From #415-4453 : GPS Live Position', '2020-11-04 13:30:01', 0, 0),
	(10882, 'police', '415-4453', 'GPS Live Position: 5 min', '2020-11-04 13:30:01', 1, 1),
	(10883, 'ambulance', '227-6228', 'From #415-4453 : Medical attention required: unconscious citizen! 276.61309814453, -581.99932861328', '2020-11-05 13:10:28', 0, 0),
	(10884, 'ambulance', '227-6228', 'From #415-4453 : Medical attention required: unconscious citizen! 277.73718261719, -576.04339599609', '2020-11-05 13:14:01', 0, 0),
	(10885, '0359339414', '820-1332', 'hi', '2020-11-07 12:59:52', 1, 1),
	(10886, 'ambulance', '040-1332', 'From #947-1624 : Medical attention required: unconscious citizen! -1877.5222167969, 2801.2744140625', '2020-11-13 11:47:25', 0, 0),
	(10887, 'ambulance', '040-1332', 'From #048-3036 : Medical attention required: unconscious citizen! -2074.7038574219, 2864.0146484375', '2020-11-13 11:47:43', 0, 0),
	(10888, 'ambulance', '040-1332', 'From #415-4453 : GPS: 152.47309875488, -1032.9481201172', '2020-11-13 12:10:02', 0, 0),
	(10889, 'ambulance', '415-4453', 'GPS: 152.47309875488, -1032.9481201172', '2020-11-13 12:10:03', 1, 1),
	(10890, 'ambulance', '040-1332', 'From #947-1624 : hi', '2020-11-13 12:10:10', 0, 0),
	(10891, 'ambulance', '947-1624', 'hi', '2020-11-13 12:10:11', 1, 1),
	(10892, 'ambulance', '040-1332', 'From #947-1624 : GPS: 150.86534118652, -1034.0440673828', '2020-11-13 12:10:13', 0, 0),
	(10893, 'ambulance', '947-1624', 'GPS: 150.86534118652, -1034.0440673828', '2020-11-13 12:10:13', 1, 1);
/*!40000 ALTER TABLE `phone_messages` ENABLE KEYS */;

-- Dumping structure for table essentialmode1.phone_users_contacts
CREATE TABLE IF NOT EXISTS `phone_users_contacts` (
  `id` int(11) NOT NULL AUTO_INCREMENT,
  `identifier` varchar(60) CHARACTER SET utf8mb4 DEFAULT NULL,
  `number` varchar(10) CHARACTER SET utf8mb4 DEFAULT NULL,
  `display` varchar(64) CHARACTER SET utf8mb4 NOT NULL DEFAULT '-1',
  PRIMARY KEY (`id`)
) ENGINE=MyISAM AUTO_INCREMENT=106 DEFAULT CHARSET=utf8;

-- Dumping data for table essentialmode1.phone_users_contacts: 1 rows
/*!40000 ALTER TABLE `phone_users_contacts` DISABLE KEYS */;
INSERT IGNORE INTO `phone_users_contacts` (`id`, `identifier`, `number`, `display`) VALUES
	(105, 'steam:110000118eb310f', '0489791263', 'Josh');
/*!40000 ALTER TABLE `phone_users_contacts` ENABLE KEYS */;

-- Dumping structure for table essentialmode1.playerhousing
CREATE TABLE IF NOT EXISTS `playerhousing` (
  `id` int(32) NOT NULL,
  `owner` varchar(50) DEFAULT NULL,
  `rented` tinyint(1) DEFAULT NULL,
  `price` int(32) DEFAULT NULL,
  `wardrobe` longtext DEFAULT NULL,
  PRIMARY KEY (`id`)
) ENGINE=InnoDB DEFAULT CHARSET=latin1;

-- Dumping data for table essentialmode1.playerhousing: ~0 rows (approximately)
/*!40000 ALTER TABLE `playerhousing` DISABLE KEYS */;
/*!40000 ALTER TABLE `playerhousing` ENABLE KEYS */;

-- Dumping structure for table essentialmode1.playerskins
CREATE TABLE IF NOT EXISTS `playerskins` (
  `id` int(11) NOT NULL AUTO_INCREMENT,
  `citizenid` varchar(255) NOT NULL,
  `model` varchar(255) NOT NULL,
  `skin` text NOT NULL,
  `active` tinyint(2) NOT NULL DEFAULT 1,
  PRIMARY KEY (`id`),
  KEY `citizenid` (`citizenid`),
  KEY `active` (`active`)
) ENGINE=InnoDB AUTO_INCREMENT=43010 DEFAULT CHARSET=latin1;

-- Dumping data for table essentialmode1.playerskins: ~0 rows (approximately)
/*!40000 ALTER TABLE `playerskins` DISABLE KEYS */;
/*!40000 ALTER TABLE `playerskins` ENABLE KEYS */;

-- Dumping structure for table essentialmode1.playerstattoos
CREATE TABLE IF NOT EXISTS `playerstattoos` (
  `id` int(11) NOT NULL AUTO_INCREMENT,
  `identifier` varchar(255) NOT NULL,
  `tattoos` varchar(255) NOT NULL,
  PRIMARY KEY (`id`)
) ENGINE=InnoDB AUTO_INCREMENT=131 DEFAULT CHARSET=utf8mb4;

-- Dumping data for table essentialmode1.playerstattoos: ~30 rows (approximately)
/*!40000 ALTER TABLE `playerstattoos` DISABLE KEYS */;
INSERT IGNORE INTO `playerstattoos` (`id`, `identifier`, `tattoos`) VALUES

/*!40000 ALTER TABLE `playerstattoos` ENABLE KEYS */;

-- Dumping structure for table essentialmode1.player_outfits
CREATE TABLE IF NOT EXISTS `player_outfits` (
  `id` int(11) NOT NULL AUTO_INCREMENT,
  `citizenid` varchar(50) DEFAULT NULL,
  `outfitname` varchar(50) NOT NULL,
  `model` varchar(50) DEFAULT NULL,
  `skin` text DEFAULT NULL,
  `outfitId` varchar(50) NOT NULL,
  PRIMARY KEY (`id`),
  KEY `citizenid` (`citizenid`),
  KEY `outfitId` (`outfitId`)
) ENGINE=InnoDB AUTO_INCREMENT=8970 DEFAULT CHARSET=utf8mb4;

-- Dumping data for table essentialmode1.player_outfits: ~0 rows (approximately)
/*!40000 ALTER TABLE `player_outfits` DISABLE KEYS */;
/*!40000 ALTER TABLE `player_outfits` ENABLE KEYS */;

-- Dumping structure for table essentialmode1.qalle_brottsregister
CREATE TABLE IF NOT EXISTS `qalle_brottsregister` (
  `id` int(255) NOT NULL AUTO_INCREMENT,
  `identifier` varchar(50) NOT NULL,
  `firstname` varchar(255) NOT NULL,
  `lastname` varchar(255) NOT NULL,
  `dateofcrime` varchar(255) NOT NULL,
  `crime` varchar(255) NOT NULL,
  PRIMARY KEY (`id`)
) ENGINE=InnoDB AUTO_INCREMENT=30 DEFAULT CHARSET=latin1;

-- Dumping data for table essentialmode1.qalle_brottsregister: ~0 rows (approximately)
/*!40000 ALTER TABLE `qalle_brottsregister` DISABLE KEYS */;
/*!40000 ALTER TABLE `qalle_brottsregister` ENABLE KEYS */;

-- Dumping structure for table essentialmode1.rented_vehicles
CREATE TABLE IF NOT EXISTS `rented_vehicles` (
  `vehicle` varchar(60) NOT NULL,
  `plate` varchar(12) NOT NULL,
  `player_name` varchar(255) NOT NULL,
  `base_price` int(11) NOT NULL,
  `rent_price` int(11) NOT NULL,
  `owner` varchar(22) NOT NULL,
  PRIMARY KEY (`plate`)
) ENGINE=InnoDB DEFAULT CHARSET=utf8mb4;

-- Dumping data for table essentialmode1.rented_vehicles: ~0 rows (approximately)
/*!40000 ALTER TABLE `rented_vehicles` DISABLE KEYS */;
/*!40000 ALTER TABLE `rented_vehicles` ENABLE KEYS */;

-- Dumping structure for table essentialmode1.rented_vehiclesluxury
CREATE TABLE IF NOT EXISTS `rented_vehiclesluxury` (
  `vehicle` varchar(60) NOT NULL,
  `plate` varchar(12) NOT NULL,
  `player_name` varchar(255) NOT NULL,
  `base_price` int(11) NOT NULL,
  `rent_price` int(11) NOT NULL,
  `owner` varchar(22) NOT NULL,
  PRIMARY KEY (`plate`)
) ENGINE=InnoDB DEFAULT CHARSET=utf8mb4;

-- Dumping data for table essentialmode1.rented_vehiclesluxury: ~0 rows (approximately)
/*!40000 ALTER TABLE `rented_vehiclesluxury` DISABLE KEYS */;
/*!40000 ALTER TABLE `rented_vehiclesluxury` ENABLE KEYS */;

-- Dumping structure for table essentialmode1.shops
CREATE TABLE IF NOT EXISTS `shops` (
  `id` int(11) NOT NULL AUTO_INCREMENT,
  `name` varchar(255) NOT NULL,
  `item` varchar(255) NOT NULL,
  `price` int(11) NOT NULL,
  PRIMARY KEY (`id`)
) ENGINE=InnoDB AUTO_INCREMENT=87 DEFAULT CHARSET=latin1;

-- Dumping data for table essentialmode1.shops: ~78 rows (approximately)
/*!40000 ALTER TABLE `shops` DISABLE KEYS */;
INSERT IGNORE INTO `shops` (`id`, `name`, `item`, `price`) VALUES
	(1, 'TwentyFourSeven', 'bread', 2),
	(2, 'TwentyFourSeven', 'water', 2),
	(3, 'TwentyFourSeven', 'lotteryticket', 20),
	(4, 'TwentyFourSeven', 'coffee', 7),
	(5, 'TwentyFourSeven', 'vodka', 6),
	(6, 'TwentyFourSeven', 'beer', 4),
	(7, 'RobsLiquor', 'bread', 2),
	(8, 'RobsLiquor', 'water', 2),
	(10, 'RobsLiquor', 'coffee', 7),
	(11, 'RobsLiquor', 'vodka', 6),
	(12, 'RobsLiquor', 'beer', 4),
	(13, 'LTDgasoline', 'bread', 2),
	(14, 'LTDgasoline', 'water', 2),
	(15, 'LTDgasoline', 'lotteryticket', 20),
	(16, 'LTDgasoline', 'coffee', 7),
	(17, 'LTDgasoline', 'vodka', 6),
	(18, 'LTDgasoline', 'beer', 4),
	(19, 'TwentyFourSeven', 'bandage2', 3),
	(20, 'RobsLiquor', 'bandage2', 3),
	(21, 'LTDgasoline', 'bandage2', 3),
	(22, 'TwentyFourSeven', 'binoculars', 300),
	(23, 'RobsLiquor', 'binoculars', 300),
	(24, 'LTDgasoline', 'binoculars', 300),
	(25, 'TwentyFourSeven', 'handcuffs', 10),
	(26, 'RobsLiquor', 'handcuffs', 10),
	(27, 'LTDgasoline', 'handcuffs', 10),
	(28, 'TwentyFourSeven', 'rope', 5),
	(29, 'RobsLiquor', 'rope', 5),
	(30, 'LTDgasoline', 'rope', 5),
	(34, 'TwentyFourSeven', 'phone', 50),
	(35, 'RobsLiquor', 'phone', 50),
	(36, 'LTDgasoline', 'phone', 50),
	(37, 'RobsLiquor', 'fishbait', 20),
	(38, 'RobsLiquor', 'fishingrod', 30),
	(39, 'RobsLiquor', 'turtlebait', 50),
	(40, 'LTDgasoline', 'fixkit', 2000),
	(41, 'LTDgasoline', 'blowpipe', 5000),
	(45, 'RobsLiquor', 'armor', 5000),
	(46, 'TwentyFourSeven', 'clip', 530),
	(47, 'RobsLiquor', 'clip', 525),
	(48, 'LTDgasoline', 'clip', 530),
	(49, 'TwentyFourSeven', 'oxygen_mask', 330),
	(50, 'RobsLiquor', 'oxygen_mask', 325),
	(51, 'LTDgasoline', 'oxygen_mask', 330),
	(52, 'TwentyFourSeven', 'trailburst', 1500),
	(53, 'RobsLiquor', 'trailburst', 1300),
	(54, 'LTDgasoline', 'trailburst', 1250),
	(55, 'TwentyFourSeven', 'fountain', 1250),
	(56, 'RobsLiquor', 'fountain', 1250),
	(57, 'LTDgasoline', 'fountain', 1250),
	(58, 'TwentyFourSeven', 'starburst', 1300),
	(59, 'RobsLiquor', 'starburst', 1300),
	(60, 'LTDgasoline', 'starburst', 1250),
	(61, 'TwentyFourSeven', 'shotburst', 1500),
	(62, 'RobsLiquor', 'shotburst', 1500),
	(63, 'LTDgasoline', 'shotburst', 1400),
	(64, 'Steves', 'taco', 40),
	(65, 'Steves', 'advancedlockpick', 5000),
	(67, 'Steves', 'donut', 4),
	(68, 'Steves', 'donut2', 9),
	(69, 'Steves', 'taco4', 10),
	(70, 'Steves', 'monster', 2),
	(71, 'Steves', 'notepad', 10),
	(72, 'Mcdonalds', 'water', 1),
	(73, 'Mcdonalds', 'bread', 1),
	(74, 'Mcdonalds', 'cburger', 2),
	(75, 'Mcdonalds', 'dcburger', 4),
	(76, 'Mcdonalds', 'fries', 2),
	(77, 'Mcdonalds', 'fries2', 3),
	(78, 'Mcdonalds', 'sprite', 4),
	(79, 'Mcdonalds', 'cola', 2),
	(80, 'LTDgasoline', 'licenseplate', 2500),
	(81, 'LTDgasoline', 'sandwich', 30),
	(82, 'LTDgasoline', 'redgull', 2000),
	(83, 'TwentyFourSeven', 'sandwich', 30),
	(84, 'TwentyFourSeven', 'redgull', 2000),
	(85, 'RobsLiquor', 'sandwich', 30),
	(86, 'RobsLiquor', 'redgull', 2000);
/*!40000 ALTER TABLE `shops` ENABLE KEYS */;

-- Dumping structure for table essentialmode1.society_moneywash
CREATE TABLE IF NOT EXISTS `society_moneywash` (
  `id` int(11) NOT NULL AUTO_INCREMENT,
  `identifier` varchar(60) NOT NULL,
  `society` varchar(60) NOT NULL,
  `amount` int(11) NOT NULL,
  PRIMARY KEY (`id`)
) ENGINE=InnoDB AUTO_INCREMENT=6 DEFAULT CHARSET=utf8mb4;

-- Dumping data for table essentialmode1.society_moneywash: ~0 rows (approximately)
/*!40000 ALTER TABLE `society_moneywash` DISABLE KEYS */;
/*!40000 ALTER TABLE `society_moneywash` ENABLE KEYS */;

-- Dumping structure for table essentialmode1.transactions
CREATE TABLE IF NOT EXISTS `transactions` (
  `id` int(11) NOT NULL AUTO_INCREMENT,
  `identifier` varchar(50) NOT NULL,
  `type` varchar(50) DEFAULT NULL,
  `depositorwidthdrawal` varchar(50) DEFAULT NULL,
  `amount` int(11) DEFAULT NULL,
  `date` varchar(50) DEFAULT NULL,
  PRIMARY KEY (`id`) USING BTREE
) ENGINE=InnoDB AUTO_INCREMENT=310 DEFAULT CHARSET=utf8mb4;

-- Dumping data for table essentialmode1.transactions: ~80 rows (approximately)
/*!40000 ALTER TABLE `transactions` DISABLE KEYS */;
INSERT IGNORE INTO `transactions` (`id`, `identifier`, `type`, `depositorwidthdrawal`, `amount`, `date`) VALUES

/*!40000 ALTER TABLE `transactions` ENABLE KEYS */;

-- Dumping structure for table essentialmode1.trp_ammo
CREATE TABLE IF NOT EXISTS `trp_ammo` (
  `id` bigint(20) unsigned NOT NULL AUTO_INCREMENT,
  `owner` text NOT NULL,
  `hash` text NOT NULL,
  `count` int(11) NOT NULL DEFAULT 0,
  PRIMARY KEY (`id`),
  UNIQUE KEY `id` (`id`)
) ENGINE=InnoDB AUTO_INCREMENT=244 DEFAULT CHARSET=utf8mb4;

-- Dumping data for table essentialmode1.trp_ammo: ~109 rows (approximately)
/*!40000 ALTER TABLE `trp_ammo` DISABLE KEYS */;
INSERT IGNORE INTO `trp_ammo` (`id`, `owner`, `hash`, `count`) VALUES

/*!40000 ALTER TABLE `trp_ammo` ENABLE KEYS */;

-- Dumping structure for table essentialmode1.trp_inventory
CREATE TABLE IF NOT EXISTS `trp_inventory` (
  `id` int(11) NOT NULL AUTO_INCREMENT,
  `owner` text NOT NULL,
  `type` text DEFAULT NULL,
  `data` longtext NOT NULL,
  PRIMARY KEY (`id`)
) ENGINE=InnoDB AUTO_INCREMENT=1782 DEFAULT CHARSET=utf8mb4;

-- Dumping data for table essentialmode1.trp_inventory: ~39 rows (approximately)
/*!40000 ALTER TABLE `trp_inventory` DISABLE KEYS */;
INSERT IGNORE INTO `trp_inventory` (`id`, `owner`, `type`, `data`) VALUES

/*!40000 ALTER TABLE `trp_inventory` ENABLE KEYS */;

-- Dumping structure for table essentialmode1.trp_inventory_itemdata
CREATE TABLE IF NOT EXISTS `trp_inventory_itemdata` (
  `id` bigint(20) unsigned NOT NULL AUTO_INCREMENT,
  `name` text NOT NULL,
  `description` text DEFAULT NULL,
  `weight` int(11) NOT NULL DEFAULT 0,
  `closeonuse` tinyint(1) NOT NULL DEFAULT 0,
  `max` int(11) NOT NULL DEFAULT 100,
  UNIQUE KEY `id` (`id`)
) ENGINE=InnoDB DEFAULT CHARSET=utf8mb4;

-- Dumping data for table essentialmode1.trp_inventory_itemdata: ~0 rows (approximately)
/*!40000 ALTER TABLE `trp_inventory_itemdata` DISABLE KEYS */;
/*!40000 ALTER TABLE `trp_inventory_itemdata` ENABLE KEYS */;

-- Dumping structure for table essentialmode1.trp_property
CREATE TABLE IF NOT EXISTS `trp_property` (
  `id` bigint(20) unsigned NOT NULL AUTO_INCREMENT,
  `name` text NOT NULL,
  `sold` tinyint(1) DEFAULT 0,
  `price` int(11) NOT NULL DEFAULT 0,
  `locked` tinyint(1) DEFAULT 1,
  PRIMARY KEY (`id`),
  UNIQUE KEY `id` (`id`)
) ENGINE=InnoDB AUTO_INCREMENT=11 DEFAULT CHARSET=utf8mb4;

-- Dumping data for table essentialmode1.trp_property: ~10 rows (approximately)
/*!40000 ALTER TABLE `trp_property` DISABLE KEYS */;
INSERT IGNORE INTO `trp_property` (`id`, `name`, `sold`, `price`, `locked`) VALUES
	(1, '3655 Wild Oats Drive', 0, 300000, 1),
	(2, '2044 North Conker Avenue', 0, 250000, 1),
	(3, '2044 Hillcrest Avenue', 1, 275000, 1),
	(4, '2862 Hillcrest Avenue', 0, 265000, 1),
	(5, '2868 Hillcrest Avenue', 0, 200000, 1),
	(6, '2045 North Conker Avenue', 0, 235000, 1),
	(7, '2677 Whispymound Drive', 0, 150000, 1),
	(8, '2133 Mad Wayne Thunder Drive', 1, 125000, 1),
	(9, '1052 Grove Street', 0, 65000, 1),
	(10, '3092 West Mirror Park Drive', 0, 105000, 1);
/*!40000 ALTER TABLE `trp_property` ENABLE KEYS */;

-- Dumping structure for table essentialmode1.trp_property_garage_vehicles
CREATE TABLE IF NOT EXISTS `trp_property_garage_vehicles` (
  `id` bigint(20) unsigned NOT NULL AUTO_INCREMENT,
  `name` text NOT NULL,
  `plate` text NOT NULL,
  `props` longtext NOT NULL,
  PRIMARY KEY (`id`),
  UNIQUE KEY `id` (`id`)
) ENGINE=InnoDB DEFAULT CHARSET=utf8mb4;

-- Dumping data for table essentialmode1.trp_property_garage_vehicles: ~0 rows (approximately)
/*!40000 ALTER TABLE `trp_property_garage_vehicles` DISABLE KEYS */;
/*!40000 ALTER TABLE `trp_property_garage_vehicles` ENABLE KEYS */;

-- Dumping structure for table essentialmode1.trp_property_inventory
CREATE TABLE IF NOT EXISTS `trp_property_inventory` (
  `id` bigint(20) unsigned NOT NULL AUTO_INCREMENT,
  `inventory_name` text DEFAULT NULL,
  `data` longtext DEFAULT NULL,
  PRIMARY KEY (`id`),
  UNIQUE KEY `id` (`id`)
) ENGINE=InnoDB DEFAULT CHARSET=utf8mb4;

-- Dumping data for table essentialmode1.trp_property_inventory: ~0 rows (approximately)
/*!40000 ALTER TABLE `trp_property_inventory` DISABLE KEYS */;
/*!40000 ALTER TABLE `trp_property_inventory` ENABLE KEYS */;

-- Dumping structure for table essentialmode1.trp_property_owners
CREATE TABLE IF NOT EXISTS `trp_property_owners` (
  `id` bigint(20) unsigned NOT NULL AUTO_INCREMENT,
  `name` text DEFAULT NULL,
  `identifier` text DEFAULT NULL,
  `active` tinyint(1) DEFAULT 1,
  `owner` tinyint(1) DEFAULT 0,
  PRIMARY KEY (`id`),
  UNIQUE KEY `id` (`id`)
) ENGINE=InnoDB AUTO_INCREMENT=3 DEFAULT CHARSET=utf8mb4;

-- Dumping data for table essentialmode1.trp_property_owners: ~2 rows (approximately)
/*!40000 ALTER TABLE `trp_property_owners` DISABLE KEYS */;
INSERT IGNORE INTO `trp_property_owners` (`id`, `name`, `identifier`, `active`, `owner`) VALUES
	(1, '2133 Mad Wayne Thunder Drive', 'steam:1100001158e7aa7', 1, 1),
	(2, '2044 Hillcrest Avenue', 'steam:110000118eb310f', 1, 1);
/*!40000 ALTER TABLE `trp_property_owners` ENABLE KEYS */;

-- Dumping structure for table essentialmode1.trp_shops
CREATE TABLE IF NOT EXISTS `trp_shops` (
  `id` int(11) NOT NULL AUTO_INCREMENT,
  `store` varchar(100) NOT NULL,
  `item` varchar(100) NOT NULL,
  `price` int(11) NOT NULL,
  `imglink` longtext DEFAULT NULL,
  PRIMARY KEY (`id`)
) ENGINE=InnoDB AUTO_INCREMENT=123124 DEFAULT CHARSET=utf8;

-- Dumping data for table essentialmode1.trp_shops: ~13 rows (approximately)
/*!40000 ALTER TABLE `trp_shops` DISABLE KEYS */;
INSERT IGNORE INTO `trp_shops` (`id`, `store`, `item`, `price`, `imglink`) VALUES
	(1, 'TwentyFourSeven', 'water', 2, 'https://cdn.discordapp.com/attachments/764098140236152859/767542060714557450/water.png'),
	(2, 'RobsLiquor', 'water', 2, 'https://cdn.discordapp.com/attachments/764098140236152859/767542060714557450/water.png'),
	(3, 'LTDgasoline', 'water', 2, 'https://cdn.discordapp.com/attachments/764098140236152859/767542060714557450/water.png'),
	(4, 'TwentyFourSeven', 'bread', 2, 'https://cdn.discordapp.com/attachments/764098140236152859/767542118948012052/bread.png'),
	(5, 'RobsLiquor', 'bread', 2, 'https://cdn.discordapp.com/attachments/764098140236152859/767542118948012052/bread.png'),
	(6, 'LTDgasoline', 'bread', 2, 'https://cdn.discordapp.com/attachments/764098140236152859/767542118948012052/bread.png'),
	(31, 'TwentyFourSeven', 'radio', 2500, 'https://cdn.discordapp.com/attachments/764098140236152859/767542511148728350/radio.png'),
	(32, 'RobsLiquor', 'radio', 2500, 'https://cdn.discordapp.com/attachments/764098140236152859/767542511148728350/radio.png'),
	(33, 'LTDgasoline', 'radio', 2500, 'https://cdn.discordapp.com/attachments/764098140236152859/767542511148728350/radio.png'),
	(34, 'TwentyFourSeven', 'phone', 250, 'https://cdn.discordapp.com/attachments/764098140236152859/767542425702891530/phone.png'),
	(35, 'RobsLiquor', 'phone', 250, 'https://cdn.discordapp.com/attachments/764098140236152859/767542425702891530/phone.png'),
	(36, 'LTDgasoline', 'phone', 250, 'https://cdn.discordapp.com/attachments/764098140236152859/767542425702891530/phone.png'),
	(37, 'VanillaUnicorn', 'handcuffs', 7500, 'https://cdn.discordapp.com/attachments/764098140236152859/767543600078520340/handcuffs.png');
/*!40000 ALTER TABLE `trp_shops` ENABLE KEYS */;

-- Dumping structure for table essentialmode1.trp_weashops
CREATE TABLE IF NOT EXISTS `trp_weashops` (
  `id` int(11) NOT NULL AUTO_INCREMENT,
  `zone` varchar(255) NOT NULL,
  `item` varchar(255) NOT NULL,
  `price` int(11) NOT NULL,
  `imglink` longtext DEFAULT NULL,
  PRIMARY KEY (`id`)
) ENGINE=InnoDB AUTO_INCREMENT=55556 DEFAULT CHARSET=utf8;

-- Dumping data for table essentialmode1.trp_weashops: ~10 rows (approximately)
/*!40000 ALTER TABLE `trp_weashops` DISABLE KEYS */;
INSERT IGNORE INTO `trp_weashops` (`id`, `zone`, `item`, `price`, `imglink`) VALUES
	(1, 'GunShop', 'WEAPON_PISTOL', 12500, 'https://cdn.discordapp.com/attachments/764098140236152859/770487363025371156/WEAPON_PISTOL50.png'),
	(2, 'GunShop', 'trp_ammo_pistol_large', 1000, 'https://cdn.discordapp.com/attachments/764098140236152859/770487111135920128/trp_ammo_pistol.png'),
	(3, 'GunShop', 'WEAPON_KNUCKLE', 5000, 'https://cdn.discordapp.com/attachments/764098140236152859/770487204593139753/WEAPON_KNUCKLE.png'),
	(4, 'GunShop', 'WEAPON_KNIFE', 4000, 'https://cdn.discordapp.com/attachments/764098140236152859/770487239263256606/WEAPON_KNIFE.png'),
	(5, 'GunShop', 'WEAPON_FLASHLIGHT', 2500, 'https://cdn.discordapp.com/attachments/764098140236152859/770487284725448714/WEAPON_FLASHLIGHT.png'),
	(6, 'BlackWeashop', 'WEAPON_PISTOL', 17500, 'https://cdn.discordapp.com/attachments/764098140236152859/770487363025371156/WEAPON_PISTOL50.png'),
	(7, 'BlackWeashop', 'WEAPON_KNUCKLE', 5000, 'https://cdn.discordapp.com/attachments/764098140236152859/770487204593139753/WEAPON_KNUCKLE.png'),
	(8, 'BlackWeashop', 'WEAPON_MACHETE', 4000, 'https://cdn.discordapp.com/attachments/764098140236152859/770487526606766090/WEAPON_MACHETE.png'),
	(9, 'BlackWeashop', 'WEAPON_HATCHET', 4500, 'https://cdn.discordapp.com/attachments/764098140236152859/770487471115862016/WEAPON_HATCHET.png'),
	(10, 'BlackWeashop', 'WEAPON_HAMMER', 2500, 'https://cdn.discordapp.com/attachments/764098140236152859/770487424387121172/WEAPON_HAMMER.png');
/*!40000 ALTER TABLE `trp_weashops` ENABLE KEYS */;

-- Dumping structure for table essentialmode1.trunk_inventory
CREATE TABLE IF NOT EXISTS `trunk_inventory` (
  `id` int(11) NOT NULL AUTO_INCREMENT,
  `plate` varchar(8) NOT NULL,
  `data` text NOT NULL,
  `owned` int(11) NOT NULL,
  PRIMARY KEY (`id`),
  UNIQUE KEY `plate` (`plate`)
) ENGINE=InnoDB AUTO_INCREMENT=322 DEFAULT CHARSET=latin1;

-- Dumping data for table essentialmode1.trunk_inventory: ~0 rows (approximately)
/*!40000 ALTER TABLE `trunk_inventory` DISABLE KEYS */;
/*!40000 ALTER TABLE `trunk_inventory` ENABLE KEYS */;

-- Dumping structure for table essentialmode1.twitter_accounts
CREATE TABLE IF NOT EXISTS `twitter_accounts` (
  `id` int(11) NOT NULL AUTO_INCREMENT,
  `username` varchar(50) CHARACTER SET utf8 NOT NULL DEFAULT '0',
  `password` varchar(50) COLLATE utf8mb4_bin NOT NULL DEFAULT '0',
  `avatar_url` varchar(255) COLLATE utf8mb4_bin DEFAULT NULL,
  PRIMARY KEY (`id`),
  UNIQUE KEY `username` (`username`)
) ENGINE=InnoDB AUTO_INCREMENT=43 DEFAULT CHARSET=utf8mb4 COLLATE=utf8mb4_bin;

-- Dumping data for table essentialmode1.twitter_accounts: ~3 rows (approximately)
/*!40000 ALTER TABLE `twitter_accounts` DISABLE KEYS */;
INSERT IGNORE INTO `twitter_accounts` (`id`, `username`, `password`, `avatar_url`) VALUES
	(40, 'Crisspy', 'CrispyChicken123', '/html/static/img/twitter/default_profile.png'),
	(41, 'Michael Seller', 'Angelatos2006', '/html/static/img/twitter/default_profile.png'),
	(42, 'simp', 'simpgodx', '/html/static/img/twitter/default_profile.png');
/*!40000 ALTER TABLE `twitter_accounts` ENABLE KEYS */;

-- Dumping structure for table essentialmode1.twitter_likes
CREATE TABLE IF NOT EXISTS `twitter_likes` (
  `id` int(11) NOT NULL AUTO_INCREMENT,
  `authorId` int(11) DEFAULT NULL,
  `tweetId` int(11) DEFAULT NULL,
  PRIMARY KEY (`id`),
  KEY `FK_twitter_likes_twitter_accounts` (`authorId`),
  KEY `FK_twitter_likes_twitter_tweets` (`tweetId`),
  CONSTRAINT `FK_twitter_likes_twitter_accounts` FOREIGN KEY (`authorId`) REFERENCES `twitter_accounts` (`id`),
  CONSTRAINT `FK_twitter_likes_twitter_tweets` FOREIGN KEY (`tweetId`) REFERENCES `twitter_tweets` (`id`) ON DELETE CASCADE
) ENGINE=InnoDB AUTO_INCREMENT=2 DEFAULT CHARSET=utf8mb4 COLLATE=utf8mb4_bin;

-- Dumping data for table essentialmode1.twitter_likes: ~0 rows (approximately)
/*!40000 ALTER TABLE `twitter_likes` DISABLE KEYS */;
INSERT IGNORE INTO `twitter_likes` (`id`, `authorId`, `tweetId`) VALUES
	(1, 40, 172);
/*!40000 ALTER TABLE `twitter_likes` ENABLE KEYS */;

-- Dumping structure for table essentialmode1.twitter_tweets
CREATE TABLE IF NOT EXISTS `twitter_tweets` (
  `id` int(11) NOT NULL AUTO_INCREMENT,
  `authorId` int(11) NOT NULL,
  `realUser` varchar(50) COLLATE utf8mb4_unicode_ci DEFAULT NULL,
  `message` varchar(256) COLLATE utf8mb4_unicode_ci NOT NULL,
  `time` timestamp NOT NULL DEFAULT current_timestamp(),
  `likes` int(11) NOT NULL DEFAULT 0,
  PRIMARY KEY (`id`),
  KEY `FK_twitter_tweets_twitter_accounts` (`authorId`),
  CONSTRAINT `FK_twitter_tweets_twitter_accounts` FOREIGN KEY (`authorId`) REFERENCES `twitter_accounts` (`id`)
) ENGINE=InnoDB AUTO_INCREMENT=182 DEFAULT CHARSET=utf8mb4 COLLATE=utf8mb4_unicode_ci;

-- Dumping data for table essentialmode1.twitter_tweets: ~10 rows (approximately)
/*!40000 ALTER TABLE `twitter_tweets` DISABLE KEYS */;
INSERT IGNORE INTO `twitter_tweets` (`id`, `authorId`, `realUser`, `message`, `time`, `likes`) VALUES

/*!40000 ALTER TABLE `twitter_tweets` ENABLE KEYS */;

-- Dumping structure for table essentialmode1.users
CREATE TABLE IF NOT EXISTS `users` (
  `identifier` varchar(50) COLLATE utf8mb4_bin NOT NULL,
  `license` varchar(50) COLLATE utf8mb4_bin DEFAULT NULL,
  `money` int(11) DEFAULT NULL,
  `name` varchar(50) COLLATE utf8mb4_bin DEFAULT '',
  `skin` longtext COLLATE utf8mb4_bin DEFAULT NULL,
  `job` varchar(50) COLLATE utf8mb4_bin DEFAULT 'unemployed',
  `job_grade` int(11) DEFAULT 0,
  `loadout` longtext COLLATE utf8mb4_bin DEFAULT NULL,
  `position` varchar(36) COLLATE utf8mb4_bin DEFAULT NULL,
  `bank` int(11) DEFAULT NULL,
  `permission_level` int(11) DEFAULT NULL,
  `group` varchar(50) COLLATE utf8mb4_bin DEFAULT NULL,
  `firstname` varchar(50) COLLATE utf8mb4_bin DEFAULT '',
  `lastname` varchar(50) COLLATE utf8mb4_bin DEFAULT '',
  `dateofbirth` varchar(25) COLLATE utf8mb4_bin DEFAULT '',
  `sex` varchar(10) COLLATE utf8mb4_bin DEFAULT '',
  `height` varchar(5) COLLATE utf8mb4_bin DEFAULT '',
  `is_dead` tinyint(1) DEFAULT 0,
  `status` longtext COLLATE utf8mb4_bin DEFAULT NULL,
  `phone_number` varchar(15) COLLATE utf8mb4_bin DEFAULT NULL,
  `jail` int(11) NOT NULL DEFAULT 0,
  `busLevel` int(4) DEFAULT 0,
  PRIMARY KEY (`identifier`)
) ENGINE=InnoDB DEFAULT CHARSET=utf8mb4 COLLATE=utf8mb4_bin;

-- Dumping data for table essentialmode1.users: ~39 rows (approximately)
/*!40000 ALTER TABLE `users` DISABLE KEYS */;
INSERT IGNORE INTO `users` (`identifier`, `license`, `money`, `name`, `skin`, `job`, `job_grade`, `loadout`, `position`, `bank`, `permission_level`, `group`, `firstname`, `lastname`, `dateofbirth`, `sex`, `height`, `is_dead`, `status`, `phone_number`, `jail`, `busLevel`) VALUES

-- Dumping structure for table essentialmode1.user_accounts
CREATE TABLE IF NOT EXISTS `user_accounts` (
  `id` int(11) NOT NULL AUTO_INCREMENT,
  `identifier` varchar(22) NOT NULL,
  `name` varchar(50) NOT NULL,
  `money` int(11) NOT NULL DEFAULT 0,
  PRIMARY KEY (`id`)
) ENGINE=InnoDB AUTO_INCREMENT=266 DEFAULT CHARSET=utf8mb4;

-- Dumping data for table essentialmode1.user_accounts: ~40 rows (approximately)
/*!40000 ALTER TABLE `user_accounts` DISABLE KEYS */;
INSERT IGNORE INTO `user_accounts` (`id`, `identifier`, `name`, `money`) VALUES

/*!40000 ALTER TABLE `user_accounts` ENABLE KEYS */;

-- Dumping structure for table essentialmode1.user_convictions
CREATE TABLE IF NOT EXISTS `user_convictions` (
  `id` int(11) NOT NULL AUTO_INCREMENT,
  `char_id` varchar(255) DEFAULT NULL,
  `offense` varchar(255) DEFAULT NULL,
  `count` int(11) DEFAULT NULL,
  PRIMARY KEY (`id`)
) ENGINE=InnoDB AUTO_INCREMENT=47 DEFAULT CHARSET=utf8mb4;

-- Dumping data for table essentialmode1.user_convictions: ~46 rows (approximately)
/*!40000 ALTER TABLE `user_convictions` DISABLE KEYS */;
INSERT IGNORE INTO `user_convictions` (`id`, `char_id`, `offense`, `count`) VALUES

/*!40000 ALTER TABLE `user_convictions` ENABLE KEYS */;

-- Dumping structure for table essentialmode1.user_inventory
CREATE TABLE IF NOT EXISTS `user_inventory` (
  `id` int(11) NOT NULL AUTO_INCREMENT,
  `identifier` varchar(22) NOT NULL,
  `item` varchar(50) NOT NULL,
  `count` int(11) NOT NULL,
  PRIMARY KEY (`id`)
) ENGINE=InnoDB AUTO_INCREMENT=15650 DEFAULT CHARSET=utf8mb4;

-- Dumping data for table essentialmode1.user_inventory: ~6,975 rows (approximately)
/*!40000 ALTER TABLE `user_inventory` DISABLE KEYS */;
INSERT IGNORE INTO `user_inventory` (`id`, `identifier`, `item`, `count`) VALUES

/*!40000 ALTER TABLE `user_inventory` ENABLE KEYS */;

-- Dumping structure for table essentialmode1.user_lastcharacter
CREATE TABLE IF NOT EXISTS `user_lastcharacter` (
  `steamid` varchar(255) NOT NULL,
  `charid` int(11) NOT NULL
) ENGINE=InnoDB DEFAULT CHARSET=latin1;

-- Dumping data for table essentialmode1.user_lastcharacter: ~37 rows (approximately)
/*!40000 ALTER TABLE `user_lastcharacter` DISABLE KEYS */;
INSERT IGNORE INTO `user_lastcharacter` (`steamid`, `charid`) VALUES
	('steam:1100001158e7aa7', 1),

/*!40000 ALTER TABLE `user_lastcharacter` ENABLE KEYS */;

-- Dumping structure for table essentialmode1.user_licenses
CREATE TABLE IF NOT EXISTS `user_licenses` (
  `id` int(11) NOT NULL AUTO_INCREMENT,
  `type` varchar(60) NOT NULL,
  `owner` varchar(40) NOT NULL,
  PRIMARY KEY (`id`)
) ENGINE=InnoDB AUTO_INCREMENT=29 DEFAULT CHARSET=utf8mb4;

-- Dumping data for table essentialmode1.user_licenses: ~19 rows (approximately)
/*!40000 ALTER TABLE `user_licenses` DISABLE KEYS */;
INSERT IGNORE INTO `user_licenses` (`id`, `type`, `owner`) VALUES

/*!40000 ALTER TABLE `user_licenses` ENABLE KEYS */;

-- Dumping structure for table essentialmode1.user_mdt
CREATE TABLE IF NOT EXISTS `user_mdt` (
  `id` int(11) NOT NULL AUTO_INCREMENT,
  `char_id` varchar(255) DEFAULT NULL,
  `notes` varchar(255) DEFAULT NULL,
  `mugshot_url` varchar(255) DEFAULT NULL,
  `bail` bit(1) DEFAULT NULL,
  PRIMARY KEY (`id`)
) ENGINE=InnoDB AUTO_INCREMENT=3 DEFAULT CHARSET=utf8mb4;

-- Dumping data for table essentialmode1.user_mdt: ~2 rows (approximately)
/*!40000 ALTER TABLE `user_mdt` DISABLE KEYS */;
INSERT IGNORE INTO `user_mdt` (`id`, `char_id`, `notes`, `mugshot_url`, `bail`) VALUES
	
/*!40000 ALTER TABLE `user_mdt` ENABLE KEYS */;

-- Dumping structure for table essentialmode1.vehicles
CREATE TABLE IF NOT EXISTS `vehicles` (
  `name` varchar(60) NOT NULL,
  `model` varchar(60) NOT NULL,
  `price` int(11) NOT NULL,
  `category` varchar(60) DEFAULT NULL,
  PRIMARY KEY (`model`)
) ENGINE=InnoDB DEFAULT CHARSET=utf8mb4;

-- Dumping data for table essentialmode1.vehicles: ~281 rows (approximately)
/*!40000 ALTER TABLE `vehicles` DISABLE KEYS */;
INSERT IGNORE INTO `vehicles` (`name`, `model`, `price`, `category`) VALUES
	('VW Passat', '16cc', 0, 'addons'),
	('Renault Clio', '17cliofl', 0, 'addons'),
	('Skoda Octavia', '17octavia', 0, 'addons'),
	('Peugeot 208GTI', '208gti21', 0, 'addons'),
	('BMW 328', '328nii', 0, 'addons'),
	('Mclaren 650s', '650s', 0, 'addons'),
	('Mercedes A45 AMG', 'a45amg', 0, 'addons'),
	('Adder', 'adder', 900000, 'super'),
	('Akuma', 'AKUMA', 7500, 'motorcycles'),
	('Alpha', 'alpha', 60000, 'sports'),
	('Ferarri Aperta', 'aperta', 0, 'addons2'),
	('Ardent', 'ardent', 1150000, 'sportsclassics'),
	('Autarch', 'autarch', 1955000, 'super'),
	('Avarus', 'avarus', 18000, 'motorcycles'),
	('Bagger', 'bagger', 13500, 'motorcycles'),
	('Baller', 'baller2', 40000, 'suvs'),
	('Baller Sport', 'baller3', 60000, 'suvs'),
	('Banshee', 'banshee', 70000, 'sports'),
	('Banshee 900R', 'banshee2', 255000, 'super'),
	('Bati 801', 'bati', 12000, 'motorcycles'),
	('Bati 801RR', 'bati2', 19000, 'motorcycles'),
	('Bentayga 17', 'bentayga17', 0, 'addons'),
	('Bestia GTS', 'bestiagts', 55000, 'sports'),
	('BF400', 'bf400', 6500, 'motorcycles'),
	('Bf Injection', 'bfinjection', 16000, 'offroad'),
	('Bifta', 'bifta', 12000, 'offroad'),
	('Bison', 'bison', 45000, 'vans'),
	('Blade', 'blade', 15000, 'muscle'),
	('Blazer', 'blazer', 6500, 'offroad'),
	('Blazer Sport', 'blazer4', 8500, 'offroad'),
	('blazer5', 'blazer5', 1755600, 'offroad'),
	('Blista', 'blista', 8000, 'compacts'),
	('BMW M8', 'bmwm8', 0, 'addons'),
	('BMX (velo)', 'bmx', 160, 'motorcycles'),
	('Bobcat XL', 'bobcatxl', 32000, 'vans'),
	('Brawler', 'brawler', 45000, 'offroad'),
	('Brioso R/A', 'brioso', 18000, 'compacts'),
	('Btype', 'btype', 62000, 'sportsclassics'),
	('Btype Hotroad', 'btype2', 155000, 'sportsclassics'),
	('Btype Luxe', 'btype3', 85000, 'sportsclassics'),
	('Buccaneer', 'buccaneer', 18000, 'muscle'),
	('Buccaneer Rider', 'buccaneer2', 24000, 'muscle'),
	('Buffalo', 'buffalo', 12000, 'sports'),
	('Buffalo S', 'buffalo2', 20000, 'sports'),
	('Bullet', 'bullet', 90000, 'super'),
	('Burrito', 'burrito3', 19000, 'vans'),
	('Camper', 'camper', 42000, 'vans'),
	('Carbonizzare', 'carbonizzare', 75000, 'sports'),
	('Carbon RS', 'carbonrs', 18000, 'motorcycles'),
	('Casco', 'casco', 30000, 'sportsclassics'),
	('Cavalcade', 'cavalcade2', 55000, 'suvs'),
	('Cheetah', 'cheetah', 375000, 'super'),
	('Chimera', 'chimera', 38000, 'motorcycles'),
	('Chino', 'chino', 15000, 'muscle'),
	('Chino Luxe', 'chino2', 19000, 'muscle'),
	('Cliffhanger', 'cliffhanger', 9500, 'motorcycles'),
	('Mercedes CLS53', 'CLS53', 0, 'addons'),
	('Cognoscenti Cabrio', 'cogcabrio', 55000, 'coupes'),
	('Cognoscenti', 'cognoscenti', 55000, 'sedans'),
	('Comet', 'comet2', 65000, 'sports'),
	('Comet 5', 'comet5', 1145000, 'sports'),
	('Contender', 'contender', 70000, 'suvs'),
	('Coquette', 'coquette', 65000, 'sports'),
	('Coquette Classic', 'coquette2', 40000, 'sportsclassics'),
	('Coquette BlackFin', 'coquette3', 55000, 'muscle'),
	('Cruiser (velo)', 'cruiser', 510, 'motorcycles'),
	('Honda CRX', 'crx2', 0, 'addons'),
	('Cyclone', 'cyclone', 1890000, 'super'),
	('Daemon', 'daemon', 11500, 'motorcycles'),
	('Daemon High', 'daemon2', 13500, 'motorcycles'),
	('Defiler', 'defiler', 9800, 'motorcycles'),
	('Deluxo', 'deluxo', 4721500, 'sportsclassics'),
	('Demon 2018', 'demon', 0, 'addons2'),
	('Dominator', 'dominator', 35000, 'muscle'),
	('Double T', 'double', 28000, 'motorcycles'),
	('Dubsta', 'dubsta', 45000, 'suvs'),
	('Dubsta Luxuary', 'dubsta2', 60000, 'suvs'),
	('Bubsta 6x6', 'dubsta3', 120000, 'offroad'),
	('Dukes', 'dukes', 28000, 'muscle'),
	('Dune Buggy', 'dune', 8000, 'offroad'),
	('Elegy', 'elegy2', 38500, 'sports'),
	('Emperor', 'emperor', 8500, 'sedans'),
	('Enduro', 'enduro', 5500, 'motorcycles'),
	('Entity XF', 'entityxf', 425000, 'super'),
	('Esskey', 'esskey', 4200, 'motorcycles'),
	('Evo 9', 'evo9', 0, 'addons'),
	('Exemplar', 'exemplar', 32000, 'coupes'),
	('F620', 'f620', 40000, 'coupes'),
	('Faction', 'faction', 20000, 'muscle'),
	('Faction Rider', 'faction2', 30000, 'muscle'),
	('Faction XL', 'faction3', 40000, 'muscle'),
	('Faggio', 'faggio', 1900, 'motorcycles'),
	('Vespa', 'faggio2', 2800, 'motorcycles'),
	('Felon', 'felon', 42000, 'coupes'),
	('Felon GT', 'felon2', 55000, 'coupes'),
	('Feltzer', 'feltzer2', 55000, 'sports'),
	('Stirling GT', 'feltzer3', 65000, 'sportsclassics'),
	('Fixter (velo)', 'fixter', 225, 'motorcycles'),
	('FMJ', 'fmj', 185000, 'super'),
	('KIA Fortek', 'fortek', 0, 'addons'),
	('Jaguar F-Pace', 'fpacehm', 0, 'addons'),
	('Fhantom', 'fq2', 17000, 'suvs'),
	('Fugitive', 'fugitive', 12000, 'sedans'),
	('Furore GT', 'furoregt', 45000, 'sports'),
	('Fusilade', 'fusilade', 40000, 'sports'),
	('Gargoyle', 'gargoyle', 16500, 'motorcycles'),
	('Gauntlet', 'gauntlet', 30000, 'muscle'),
	('Gang Burrito', 'gburrito', 45000, 'vans'),
	('Burrito', 'gburrito2', 29000, 'vans'),
	('Glendale', 'glendale', 6500, 'sedans'),
	('Golf V', 'golfgti', 0, 'addons'),
	('Grabger', 'granger', 50000, 'suvs'),
	('Gresley', 'gresley', 47500, 'suvs'),
	('GT 500', 'gt500', 785000, 'sportsclassics'),
	('GTS', 'gts', 0, 'addons2'),
	('Guardian', 'guardian', 45000, 'offroad'),
	('Hakuchou', 'hakuchou', 31000, 'motorcycles'),
	('Hakuchou Sport', 'hakuchou2', 55000, 'motorcycles'),
	('Hermes', 'hermes', 535000, 'muscle'),
	('Hexer', 'hexer', 12000, 'motorcycles'),
	('Hotknife', 'hotknife', 125000, 'muscle'),
	('Huntley S', 'huntley', 40000, 'suvs'),
	('Hustler', 'hustler', 625000, 'muscle'),
	('Infernus', 'infernus', 180000, 'super'),
	('Innovation', 'innovation', 23500, 'motorcycles'),
	('Intruder', 'intruder', 7500, 'sedans'),
	('Lexus ISF', 'ISF', 0, 'addons'),
	('Issi', 'issi2', 10000, 'compacts'),
	('Jackal', 'jackal', 38000, 'coupes'),
	('Jester', 'jester', 65000, 'sports'),
	('Jester(Racecar)', 'jester2', 135000, 'sports'),
	('Journey', 'journey', 6500, 'vans'),
	('Kamacho', 'kamacho', 345000, 'offroad'),
	('Khamelion', 'khamelion', 38000, 'sports'),
	('Kuruma', 'kuruma', 30000, 'sports'),
	('Landstalker', 'landstalker', 35000, 'suvs'),
	('RE-7B', 'le7b', 325000, 'super'),
	('Lynx', 'lynx', 40000, 'sports'),
	('BMW M135i', 'm135i', 0, 'addons'),
	('BMW M2', 'm2f22', 0, 'addons'),
	('BMW M5 E60', 'm5e60', 0, 'addons'),
	('BMW M5', 'm5f90', 0, 'addons'),
	('Mamba', 'mamba', 70000, 'sports'),
	('Manana', 'manana', 12800, 'sportsclassics'),
	('Manchez', 'manchez', 5300, 'motorcycles'),
	('Massacro', 'massacro', 65000, 'sports'),
	('Massacro(Racecar)', 'massacro2', 130000, 'sports'),
	('Mesa', 'mesa', 16000, 'suvs'),
	('Mesa Trail', 'mesa3', 40000, 'suvs'),
	('Minivan', 'minivan', 13000, 'vans'),
	('Tesla Model S', 'models', 0, 'addons'),
	('Monroe', 'monroe', 55000, 'sportsclassics'),
	('The Liberator', 'monster', 210000, 'offroad'),
	('Moonbeam', 'moonbeam', 18000, 'vans'),
	('Moonbeam Rider', 'moonbeam2', 35000, 'vans'),
	('Maserati Quattroporte', 'mqgts', 0, 'addons'),
	('Nemesis', 'nemesis', 5800, 'motorcycles'),
	('Neon', 'neon', 1500000, 'sports'),
	('Nightblade', 'nightblade', 35000, 'motorcycles'),
	('Nightshade', 'nightshade', 65000, 'muscle'),
	('9F', 'ninef', 65000, 'sports'),
	('9F Cabrio', 'ninef2', 80000, 'sports'),
	('Omnis', 'omnis', 35000, 'sports'),
	('Oppressor', 'oppressor', 3524500, 'super'),
	('Oracle', 'oracle', 25000, 'coupes'),
	('Oracle XS', 'oracle2', 35000, 'coupes'),
	('Osiris', 'osiris', 160000, 'super'),
	('Mclaren P1', 'p1', 0, 'addons'),
	('Panto', 'panto', 10000, 'compacts'),
	('Paradise', 'paradise', 19000, 'vans'),
	('Pariah', 'pariah', 1420000, 'sports'),
	('Patriot', 'patriot', 55000, 'suvs'),
	('PCJ-600', 'pcj', 6200, 'motorcycles'),
	('Porsche Cayenne', 'pcs18', 0, 'addons'),
	('Penumbra', 'penumbra', 28000, 'sports'),
	('Pfister', 'pfister811', 85000, 'super'),
	('Phoenix', 'phoenix', 12500, 'muscle'),
	('Picador', 'picador', 18000, 'muscle'),
	('Pigalle', 'pigalle', 20000, 'sportsclassics'),
	('Prairie', 'prairie', 12000, 'compacts'),
	('Premier', 'premier', 8000, 'sedans'),
	('Primo Custom', 'primo2', 14000, 'sedans'),
	('X80 Proto', 'prototipo', 2500000, 'super'),
	('Audi R8', 'r8ppi', 0, 'addons2'),
	('Radius', 'radi', 29000, 'suvs'),
	('raiden', 'raiden', 1375000, 'sports'),
	('Rapid GT', 'rapidgt', 35000, 'sports'),
	('Rapid GT Convertible', 'rapidgt2', 45000, 'sports'),
	('Rapid GT3', 'rapidgt3', 885000, 'sportsclassics'),
	('Reaper', 'reaper', 150000, 'super'),
	('Rebel', 'rebel2', 35000, 'offroad'),
	('Regina', 'regina', 5000, 'sedans'),
	('Retinue', 'retinue', 615000, 'sportsclassics'),
	('Revolter', 'revolter', 1610000, 'sports'),
	('riata', 'riata', 380000, 'offroad'),
	('Rocoto', 'rocoto', 45000, 'suvs'),
	('Audi RS3', 'rs318', 0, 'addons'),
	('Audi RS5R', 'rs5r', 0, 'addons'),
	('Audi RS6', 'rs6', 0, 'addons'),
	('Ruffian', 'ruffian', 6800, 'motorcycles'),
	('Ruiner 2', 'ruiner2', 5745600, 'muscle'),
	('Rumpo', 'rumpo', 15000, 'vans'),
	('Rumpo Trail', 'rumpo3', 19500, 'vans'),
	('Mercedes S600', 's600w220', 0, 'addons'),
	('Sabre Turbo', 'sabregt', 20000, 'muscle'),
	('Sabre GT', 'sabregt2', 25000, 'muscle'),
	('Sanchez', 'sanchez', 5300, 'motorcycles'),
	('Sanchez Sport', 'sanchez2', 5300, 'motorcycles'),
	('Sanctus', 'sanctus', 25000, 'motorcycles'),
	('Sandking', 'sandking', 55000, 'offroad'),
	('Savestra', 'savestra', 990000, 'sportsclassics'),
	('SC 1', 'sc1', 1603000, 'super'),
	('Schafter', 'schafter2', 25000, 'sedans'),
	('Schafter V12', 'schafter3', 50000, 'sports'),
	('VW Scirocco', 'scijo', 0, 'addons'),
	('Scorcher (velo)', 'scorcher', 280, 'motorcycles'),
	('Seminole', 'seminole', 25000, 'suvs'),
	('Sentinel', 'sentinel', 32000, 'coupes'),
	('Sentinel XS', 'sentinel2', 40000, 'coupes'),
	('Sentinel3', 'sentinel3', 650000, 'sports'),
	('Seven 70', 'seven70', 39500, 'sports'),
	('ETR1', 'sheava', 220000, 'super'),
	('Shotaro Concept', 'shotaro', 320000, 'motorcycles'),
	('Nissan Skyline', 'Skyline', 0, 'addons2'),
	('Slam Van', 'slamvan3', 11500, 'muscle'),
	('Sovereign', 'sovereign', 22000, 'motorcycles'),
	('Stinger', 'stinger', 80000, 'sportsclassics'),
	('Stinger GT', 'stingergt', 75000, 'sportsclassics'),
	('Street Supra', 'streetsupra', 0, 'addons2'),
	('Streiter', 'streiter', 500000, 'sports'),
	('Stretch', 'stretch', 90000, 'sedans'),
	('Stromberg', 'stromberg', 3185350, 'sports'),
	('04 Scooby', 'subwrx', 0, 'addons'),
	('Sultan', 'sultan', 15000, 'sports'),
	('Sultan RS', 'sultanrs', 65000, 'super'),
	('Super Diamond', 'superd', 130000, 'sedans'),
	('Surano', 'surano', 50000, 'sports'),
	('Surfer', 'surfer', 12000, 'vans'),
	('T20', 't20', 300000, 'super'),
	('Steves Taco Van', 'taco', 16500, 'vans'),
	('Tailgater', 'tailgater', 30000, 'sedans'),
	('Tampa', 'tampa', 16000, 'muscle'),
	('Drift Tampa', 'tampa2', 80000, 'sports'),
	('Thrust', 'thrust', 24000, 'motorcycles'),
	('Tri bike (velo)', 'tribike3', 520, 'motorcycles'),
	('Trophy Truck', 'trophytruck', 60000, 'offroad'),
	('Trophy Truck Limited', 'trophytruck2', 80000, 'offroad'),
	('Tropos', 'tropos', 40000, 'sports'),
	('Turismo R', 'turismor', 350000, 'super'),
	('Tyrus', 'tyrus', 600000, 'super'),
	('Woodys Taxi', 'v250', 0, 'addons'),
	('Vacca', 'vacca', 120000, 'super'),
	('Vader', 'vader', 7200, 'motorcycles'),
	('Verlierer', 'verlierer2', 70000, 'sports'),
	('Vigero', 'vigero', 12500, 'muscle'),
	('Virgo', 'virgo', 14000, 'muscle'),
	('Viseris', 'viseris', 875000, 'sportsclassics'),
	('Visione', 'visione', 2250000, 'super'),
	('Holden VL WALKY', 'vlwalky', 0, 'addons2'),
	('Voltic', 'voltic', 90000, 'super'),
	('Voltic 2', 'voltic2', 3830400, 'super'),
	('Voodoo', 'voodoo', 7200, 'muscle'),
	('Vortex', 'vortex', 9800, 'motorcycles'),
	('Chrysler Voyager MY10', 'voyagerc', 0, 'addons'),
	('Warrener', 'warrener', 4000, 'sedans'),
	('Washington', 'washington', 9000, 'sedans'),
	('Windsor', 'windsor', 95000, 'coupes'),
	('Windsor Drop', 'windsor2', 125000, 'coupes'),
	('Woflsbane', 'wolfsbane', 9000, 'motorcycles'),
	('Jaguar XJ', 'xj', 0, 'addons'),
	('XLS', 'xls', 32000, 'suvs'),
	('Yosemite', 'yosemite', 485000, 'muscle'),
	('Youga', 'youga', 10800, 'vans'),
	('Youga Luxuary', 'youga2', 14500, 'vans'),
	('Z190', 'z190', 900000, 'sportsclassics'),
	('Zentorno', 'zentorno', 1500000, 'super'),
	('Zion', 'zion', 36000, 'coupes'),
	('Zion Cabrio', 'zion2', 45000, 'coupes'),
	('Zombie', 'zombiea', 9500, 'motorcycles'),
	('Zombie Luxuary', 'zombieb', 12000, 'motorcycles'),
	('Z-Type', 'ztype', 220000, 'sportsclassics');
/*!40000 ALTER TABLE `vehicles` ENABLE KEYS */;

-- Dumping structure for table essentialmode1.vehiclesluxury
CREATE TABLE IF NOT EXISTS `vehiclesluxury` (
  `name` varchar(60) NOT NULL,
  `model` varchar(60) NOT NULL,
  `price` int(11) NOT NULL,
  `category` varchar(60) DEFAULT NULL,
  PRIMARY KEY (`model`)
) ENGINE=InnoDB DEFAULT CHARSET=utf8mb4;

-- Dumping data for table essentialmode1.vehiclesluxury: ~240 rows (approximately)
/*!40000 ALTER TABLE `vehiclesluxury` DISABLE KEYS */;
INSERT IGNORE INTO `vehiclesluxury` (`name`, `model`, `price`, `category`) VALUES
	('Adder', 'adder', 900000, 'super'),
	('Akuma', 'AKUMA', 7500, 'motorcycles'),
	('Alpha', 'alpha', 60000, 'sports'),
	('Ardent', 'ardent', 1150000, 'sportsclassics'),
	('Asea', 'asea', 5500, 'sedans'),
	('Autarch', 'autarch', 1955000, 'super'),
	('Avarus', 'avarus', 18000, 'motorcycles'),
	('Bagger', 'bagger', 13500, 'motorcycles'),
	('Baller', 'baller2', 40000, 'suvs'),
	('Baller Sport', 'baller3', 60000, 'suvs'),
	('Banshee', 'banshee', 70000, 'sports'),
	('Banshee 900R', 'banshee2', 255000, 'super'),
	('Bati 801', 'bati', 12000, 'motorcycles'),
	('Bati 801RR', 'bati2', 19000, 'motorcycles'),
	('Bestia GTS', 'bestiagts', 55000, 'sports'),
	('BF400', 'bf400', 6500, 'motorcycles'),
	('Bf Injection', 'bfinjection', 16000, 'offroad'),
	('Bifta', 'bifta', 12000, 'offroad'),
	('Bison', 'bison', 45000, 'vans'),
	('Blade', 'blade', 15000, 'muscle'),
	('Blazer', 'blazer', 6500, 'offroad'),
	('Blazer Sport', 'blazer4', 8500, 'offroad'),
	('blazer5', 'blazer5', 1755600, 'offroad'),
	('Blista', 'blista', 8000, 'compacts'),
	('BMX (velo)', 'bmx', 160, 'motorcycles'),
	('Bobcat XL', 'bobcatxl', 32000, 'vans'),
	('Brawler', 'brawler', 45000, 'offroad'),
	('Brioso R/A', 'brioso', 18000, 'compacts'),
	('Btype', 'btype', 62000, 'sportsclassics'),
	('Btype Hotroad', 'btype2', 155000, 'sportsclassics'),
	('Btype Luxe', 'btype3', 85000, 'sportsclassics'),
	('Buccaneer', 'buccaneer', 18000, 'muscle'),
	('Buccaneer Rider', 'buccaneer2', 24000, 'muscle'),
	('Buffalo', 'buffalo', 12000, 'sports'),
	('Buffalo S', 'buffalo2', 20000, 'sports'),
	('Bullet', 'bullet', 90000, 'super'),
	('Burrito', 'burrito3', 19000, 'vans'),
	('Camper', 'camper', 42000, 'vans'),
	('Carbonizzare', 'carbonizzare', 75000, 'sports'),
	('Carbon RS', 'carbonrs', 18000, 'motorcycles'),
	('Casco', 'casco', 30000, 'sportsclassics'),
	('Cavalcade', 'cavalcade2', 55000, 'suvs'),
	('Cheetah', 'cheetah', 375000, 'super'),
	('Chimera', 'chimera', 38000, 'motorcycles'),
	('Chino', 'chino', 15000, 'muscle'),
	('Chino Luxe', 'chino2', 19000, 'muscle'),
	('Cliffhanger', 'cliffhanger', 9500, 'motorcycles'),
	('Cognoscenti Cabrio', 'cogcabrio', 55000, 'coupes'),
	('Cognoscenti', 'cognoscenti', 55000, 'sedans'),
	('Comet', 'comet2', 65000, 'sports'),
	('Comet 5', 'comet5', 1145000, 'sports'),
	('Contender', 'contender', 70000, 'suvs'),
	('Coquette', 'coquette', 65000, 'sports'),
	('Coquette Classic', 'coquette2', 40000, 'sportsclassics'),
	('Coquette BlackFin', 'coquette3', 55000, 'muscle'),
	('Cruiser (velo)', 'cruiser', 510, 'motorcycles'),
	('Cyclone', 'cyclone', 1890000, 'super'),
	('Daemon', 'daemon', 11500, 'motorcycles'),
	('Daemon High', 'daemon2', 13500, 'motorcycles'),
	('Defiler', 'defiler', 9800, 'motorcycles'),
	('Deluxo', 'deluxo', 4721500, 'sportsclassics'),
	('Dominator', 'dominator', 35000, 'muscle'),
	('Double T', 'double', 28000, 'motorcycles'),
	('Dubsta', 'dubsta', 45000, 'suvs'),
	('Dubsta Luxuary', 'dubsta2', 60000, 'suvs'),
	('Bubsta 6x6', 'dubsta3', 120000, 'offroad'),
	('Dukes', 'dukes', 28000, 'muscle'),
	('Dune Buggy', 'dune', 8000, 'offroad'),
	('Elegy', 'elegy2', 38500, 'sports'),
	('Emperor', 'emperor', 8500, 'sedans'),
	('Enduro', 'enduro', 5500, 'motorcycles'),
	('Entity XF', 'entityxf', 425000, 'super'),
	('Esskey', 'esskey', 4200, 'motorcycles'),
	('Exemplar', 'exemplar', 32000, 'coupes'),
	('F620', 'f620', 40000, 'coupes'),
	('Faction', 'faction', 20000, 'muscle'),
	('Faction Rider', 'faction2', 30000, 'muscle'),
	('Faction XL', 'faction3', 40000, 'muscle'),
	('Faggio', 'faggio', 1900, 'motorcycles'),
	('Vespa', 'faggio2', 2800, 'motorcycles'),
	('Felon', 'felon', 42000, 'coupes'),
	('Felon GT', 'felon2', 55000, 'coupes'),
	('Feltzer', 'feltzer2', 55000, 'sports'),
	('Stirling GT', 'feltzer3', 65000, 'sportsclassics'),
	('Fixter (velo)', 'fixter', 225, 'motorcycles'),
	('FMJ', 'fmj', 185000, 'super'),
	('Fhantom', 'fq2', 17000, 'suvs'),
	('Fugitive', 'fugitive', 12000, 'sedans'),
	('Furore GT', 'furoregt', 45000, 'sports'),
	('Fusilade', 'fusilade', 40000, 'sports'),
	('Gargoyle', 'gargoyle', 16500, 'motorcycles'),
	('Gauntlet', 'gauntlet', 30000, 'muscle'),
	('Gang Burrito', 'gburrito', 45000, 'vans'),
	('Burrito', 'gburrito2', 29000, 'vans'),
	('Glendale', 'glendale', 6500, 'sedans'),
	('Grabger', 'granger', 50000, 'suvs'),
	('Gresley', 'gresley', 47500, 'suvs'),
	('GT 500', 'gt500', 785000, 'sportsclassics'),
	('Guardian', 'guardian', 45000, 'offroad'),
	('Hakuchou', 'hakuchou', 31000, 'motorcycles'),
	('Hakuchou Sport', 'hakuchou2', 55000, 'motorcycles'),
	('Hermes', 'hermes', 535000, 'muscle'),
	('Hexer', 'hexer', 12000, 'motorcycles'),
	('Hotknife', 'hotknife', 125000, 'muscle'),
	('Huntley S', 'huntley', 40000, 'suvs'),
	('Hustler', 'hustler', 625000, 'muscle'),
	('Infernus', 'infernus', 180000, 'super'),
	('Innovation', 'innovation', 23500, 'motorcycles'),
	('Intruder', 'intruder', 7500, 'sedans'),
	('Issi', 'issi2', 10000, 'compacts'),
	('Jackal', 'jackal', 38000, 'coupes'),
	('Jester', 'jester', 65000, 'sports'),
	('Jester(Racecar)', 'jester2', 135000, 'sports'),
	('Journey', 'journey', 6500, 'vans'),
	('Kamacho', 'kamacho', 345000, 'offroad'),
	('Khamelion', 'khamelion', 38000, 'sports'),
	('Kuruma', 'kuruma', 30000, 'sports'),
	('Landstalker', 'landstalker', 35000, 'suvs'),
	('RE-7B', 'le7b', 325000, 'super'),
	('Lynx', 'lynx', 40000, 'sports'),
	('Mamba', 'mamba', 70000, 'sports'),
	('Manana', 'manana', 12800, 'sportsclassics'),
	('Manchez', 'manchez', 5300, 'motorcycles'),
	('Massacro', 'massacro', 65000, 'sports'),
	('Massacro(Racecar)', 'massacro2', 130000, 'sports'),
	('Mesa', 'mesa', 16000, 'suvs'),
	('Mesa Trail', 'mesa3', 40000, 'suvs'),
	('Minivan', 'minivan', 13000, 'vans'),
	('Monroe', 'monroe', 55000, 'sportsclassics'),
	('The Liberator', 'monster', 210000, 'offroad'),
	('Moonbeam', 'moonbeam', 18000, 'vans'),
	('Moonbeam Rider', 'moonbeam2', 35000, 'vans'),
	('Nemesis', 'nemesis', 5800, 'motorcycles'),
	('Neon', 'neon', 1500000, 'sports'),
	('Nightblade', 'nightblade', 35000, 'motorcycles'),
	('Nightshade', 'nightshade', 65000, 'muscle'),
	('9F', 'ninef', 65000, 'sports'),
	('9F Cabrio', 'ninef2', 80000, 'sports'),
	('Omnis', 'omnis', 35000, 'sports'),
	('Oppressor', 'oppressor', 3524500, 'super'),
	('Oracle XS', 'oracle2', 35000, 'coupes'),
	('Osiris', 'osiris', 160000, 'super'),
	('Panto', 'panto', 10000, 'compacts'),
	('Paradise', 'paradise', 19000, 'vans'),
	('Pariah', 'pariah', 1420000, 'sports'),
	('Patriot', 'patriot', 55000, 'suvs'),
	('PCJ-600', 'pcj', 6200, 'motorcycles'),
	('Penumbra', 'penumbra', 28000, 'sports'),
	('Pfister', 'pfister811', 85000, 'super'),
	('Phoenix', 'phoenix', 12500, 'muscle'),
	('Picador', 'picador', 18000, 'muscle'),
	('Pigalle', 'pigalle', 20000, 'sportsclassics'),
	('Prairie', 'prairie', 12000, 'compacts'),
	('Premier', 'premier', 8000, 'sedans'),
	('Primo Custom', 'primo2', 14000, 'sedans'),
	('X80 Proto', 'prototipo', 2500000, 'super'),
	('Radius', 'radi', 29000, 'suvs'),
	('raiden', 'raiden', 1375000, 'sports'),
	('Rapid GT', 'rapidgt', 35000, 'sports'),
	('Rapid GT Convertible', 'rapidgt2', 45000, 'sports'),
	('Rapid GT3', 'rapidgt3', 885000, 'sportsclassics'),
	('Reaper', 'reaper', 150000, 'super'),
	('Rebel', 'rebel2', 35000, 'offroad'),
	('Regina', 'regina', 5000, 'sedans'),
	('Retinue', 'retinue', 615000, 'sportsclassics'),
	('Revolter', 'revolter', 1610000, 'sports'),
	('riata', 'riata', 380000, 'offroad'),
	('Rocoto', 'rocoto', 45000, 'suvs'),
	('Ruffian', 'ruffian', 6800, 'motorcycles'),
	('Ruiner 2', 'ruiner2', 5745600, 'muscle'),
	('Rumpo', 'rumpo', 15000, 'vans'),
	('Rumpo Trail', 'rumpo3', 19500, 'vans'),
	('Sabre Turbo', 'sabregt', 20000, 'muscle'),
	('Sabre GT', 'sabregt2', 25000, 'muscle'),
	('Sanchez', 'sanchez', 5300, 'motorcycles'),
	('Sanchez Sport', 'sanchez2', 5300, 'motorcycles'),
	('Sanctus', 'sanctus', 25000, 'motorcycles'),
	('Sandking', 'sandking', 55000, 'offroad'),
	('Savestra', 'savestra', 990000, 'sportsclassics'),
	('SC 1', 'sc1', 1603000, 'super'),
	('Schafter', 'schafter2', 25000, 'sedans'),
	('Schafter V12', 'schafter3', 50000, 'sports'),
	('Scorcher (velo)', 'scorcher', 280, 'motorcycles'),
	('Seminole', 'seminole', 25000, 'suvs'),
	('Sentinel', 'sentinel', 32000, 'coupes'),
	('Sentinel XS', 'sentinel2', 40000, 'coupes'),
	('Sentinel3', 'sentinel3', 650000, 'sports'),
	('Seven 70', 'seven70', 39500, 'sports'),
	('ETR1', 'sheava', 220000, 'super'),
	('Shotaro Concept', 'shotaro', 320000, 'motorcycles'),
	('Slam Van', 'slamvan3', 11500, 'muscle'),
	('Sovereign', 'sovereign', 22000, 'motorcycles'),
	('Stinger', 'stinger', 80000, 'sportsclassics'),
	('Stinger GT', 'stingergt', 75000, 'sportsclassics'),
	('Streiter', 'streiter', 500000, 'sports'),
	('Stretch', 'stretch', 90000, 'sedans'),
	('Stromberg', 'stromberg', 3185350, 'sports'),
	('Sultan', 'sultan', 15000, 'sports'),
	('Sultan RS', 'sultanrs', 65000, 'super'),
	('Super Diamond', 'superd', 130000, 'sedans'),
	('Surano', 'surano', 50000, 'sports'),
	('Surfer', 'surfer', 12000, 'vans'),
	('T20', 't20', 300000, 'super'),
	('Tailgater', 'tailgater', 30000, 'sedans'),
	('Tampa', 'tampa', 16000, 'muscle'),
	('Drift Tampa', 'tampa2', 80000, 'sports'),
	('Thrust', 'thrust', 24000, 'motorcycles'),
	('Tri bike (velo)', 'tribike3', 520, 'motorcycles'),
	('Trophy Truck', 'trophytruck', 60000, 'offroad'),
	('Trophy Truck Limited', 'trophytruck2', 80000, 'offroad'),
	('Tropos', 'tropos', 40000, 'sports'),
	('Turismo R', 'turismor', 350000, 'super'),
	('Tyrus', 'tyrus', 600000, 'super'),
	('Vacca', 'vacca', 120000, 'super'),
	('Vader', 'vader', 7200, 'motorcycles'),
	('Verlierer', 'verlierer2', 70000, 'sports'),
	('Vigero', 'vigero', 12500, 'muscle'),
	('Virgo', 'virgo', 14000, 'muscle'),
	('Viseris', 'viseris', 875000, 'sportsclassics'),
	('Visione', 'visione', 2250000, 'super'),
	('Voltic', 'voltic', 90000, 'super'),
	('Voltic 2', 'voltic2', 3830400, 'super'),
	('Voodoo', 'voodoo', 7200, 'muscle'),
	('Vortex', 'vortex', 9800, 'motorcycles'),
	('Warrener', 'warrener', 4000, 'sedans'),
	('Washington', 'washington', 9000, 'sedans'),
	('Windsor', 'windsor', 95000, 'coupes'),
	('Windsor Drop', 'windsor2', 125000, 'coupes'),
	('Woflsbane', 'wolfsbane', 9000, 'motorcycles'),
	('XLS', 'xls', 32000, 'suvs'),
	('Yosemite', 'yosemite', 485000, 'muscle'),
	('Youga', 'youga', 10800, 'vans'),
	('Youga Luxuary', 'youga2', 14500, 'vans'),
	('Z190', 'z190', 900000, 'sportsclassics'),
	('Zentorno', 'zentorno', 1500000, 'super'),
	('Zion', 'zion', 36000, 'coupes'),
	('Zion Cabrio', 'zion2', 45000, 'coupes'),
	('Zombie', 'zombiea', 9500, 'motorcycles'),
	('Zombie Luxuary', 'zombieb', 12000, 'motorcycles'),
	('Z-Type', 'ztype', 220000, 'sportsclassics');
/*!40000 ALTER TABLE `vehiclesluxury` ENABLE KEYS */;

-- Dumping structure for table essentialmode1.vehicles_for_sale
CREATE TABLE IF NOT EXISTS `vehicles_for_sale` (
  `id` int(11) NOT NULL AUTO_INCREMENT,
  `seller` varchar(30) CHARACTER SET utf8mb4 COLLATE utf8mb4_bin DEFAULT NULL,
  `vehicleProps` longtext NOT NULL,
  `price` int(11) NOT NULL DEFAULT 0,
  PRIMARY KEY (`id`)
) ENGINE=InnoDB AUTO_INCREMENT=209 DEFAULT CHARSET=utf8;

-- Dumping data for table essentialmode1.vehicles_for_sale: ~0 rows (approximately)
/*!40000 ALTER TABLE `vehicles_for_sale` DISABLE KEYS */;
/*!40000 ALTER TABLE `vehicles_for_sale` ENABLE KEYS */;

-- Dumping structure for table essentialmode1.vehicle_categories
CREATE TABLE IF NOT EXISTS `vehicle_categories` (
  `name` varchar(60) NOT NULL,
  `label` varchar(60) NOT NULL,
  PRIMARY KEY (`name`)
) ENGINE=InnoDB DEFAULT CHARSET=utf8mb4;

-- Dumping data for table essentialmode1.vehicle_categories: ~13 rows (approximately)
/*!40000 ALTER TABLE `vehicle_categories` DISABLE KEYS */;
INSERT IGNORE INTO `vehicle_categories` (`name`, `label`) VALUES
	('addons', 'Addons'),
	('addons2', 'Addons 2'),
	('compacts', 'Compacts'),
	('coupes', 'Coupes'),
	('motorcycles', 'Motos'),
	('muscle', 'Muscle'),
	('offroad', 'Off Road'),
	('sedans', 'Sedans'),
	('sports', 'Sports'),
	('sportsclassics', 'Sports Classics'),
	('super', 'Super'),
	('suvs', 'SUVs'),
	('vans', 'Vans');
/*!40000 ALTER TABLE `vehicle_categories` ENABLE KEYS */;

-- Dumping structure for table essentialmode1.vehicle_categoriesluxury
CREATE TABLE IF NOT EXISTS `vehicle_categoriesluxury` (
  `name` varchar(60) NOT NULL,
  `label` varchar(60) NOT NULL,
  PRIMARY KEY (`name`)
) ENGINE=InnoDB DEFAULT CHARSET=utf8mb4;

-- Dumping data for table essentialmode1.vehicle_categoriesluxury: ~11 rows (approximately)
/*!40000 ALTER TABLE `vehicle_categoriesluxury` DISABLE KEYS */;
INSERT IGNORE INTO `vehicle_categoriesluxury` (`name`, `label`) VALUES
	('compacts', 'Compacts'),
	('coupes', 'Coupes'),
	('motorcycles', 'Motorcycles'),
	('muscle', 'Muscle'),
	('offroad', 'Off Road'),
	('sedans', 'Sedans'),
	('sports', 'Sports'),
	('sportsclassics', 'Sports Classics'),
	('super', 'Super'),
	('suvs', 'SUVs'),
	('vans', 'Vans');
/*!40000 ALTER TABLE `vehicle_categoriesluxury` ENABLE KEYS */;

-- Dumping structure for table essentialmode1.vehicle_mdt
CREATE TABLE IF NOT EXISTS `vehicle_mdt` (
  `id` int(11) NOT NULL AUTO_INCREMENT,
  `plate` varchar(255) DEFAULT NULL,
  `stolen` bit(1) DEFAULT b'0',
  `notes` varchar(255) DEFAULT NULL,
  PRIMARY KEY (`id`)
) ENGINE=InnoDB AUTO_INCREMENT=2 DEFAULT CHARSET=utf8mb4;

-- Dumping data for table essentialmode1.vehicle_mdt: ~0 rows (approximately)
/*!40000 ALTER TABLE `vehicle_mdt` DISABLE KEYS */;
INSERT IGNORE INTO `vehicle_mdt` (`id`, `plate`, `stolen`, `notes`) VALUES
	(1, 'SSK 564', b'0', 'Used In robbery');
/*!40000 ALTER TABLE `vehicle_mdt` ENABLE KEYS */;

-- Dumping structure for table essentialmode1.vehicle_sold
CREATE TABLE IF NOT EXISTS `vehicle_sold` (
  `client` varchar(50) NOT NULL,
  `model` varchar(50) NOT NULL,
  `plate` varchar(50) NOT NULL,
  `soldby` varchar(50) NOT NULL,
  `date` varchar(50) NOT NULL,
  PRIMARY KEY (`plate`)
) ENGINE=InnoDB DEFAULT CHARSET=utf8mb4;

-- Dumping data for table essentialmode1.vehicle_sold: ~0 rows (approximately)
/*!40000 ALTER TABLE `vehicle_sold` DISABLE KEYS */;
/*!40000 ALTER TABLE `vehicle_sold` ENABLE KEYS */;

-- Dumping structure for table essentialmode1.vehicle_soldluxury
CREATE TABLE IF NOT EXISTS `vehicle_soldluxury` (
  `client` varchar(50) NOT NULL,
  `model` varchar(50) NOT NULL,
  `plate` varchar(50) NOT NULL,
  `soldby` varchar(50) NOT NULL,
  `date` varchar(50) NOT NULL,
  PRIMARY KEY (`plate`)
) ENGINE=InnoDB DEFAULT CHARSET=utf8mb4;

-- Dumping data for table essentialmode1.vehicle_soldluxury: ~0 rows (approximately)
/*!40000 ALTER TABLE `vehicle_soldluxury` DISABLE KEYS */;
INSERT IGNORE INTO `vehicle_soldluxury` (`client`, `model`, `plate`, `soldby`, `date`) VALUES
	('Mathew Hudson', 'cogcabrio', 'BMD 762', 'Fnigger Fnigger', '2020-10-25 15:32');
/*!40000 ALTER TABLE `vehicle_soldluxury` ENABLE KEYS */;

-- Dumping structure for table essentialmode1.veh_km
CREATE TABLE IF NOT EXISTS `veh_km` (
  `carplate` varchar(10) NOT NULL,
  `km` varchar(255) NOT NULL DEFAULT '0',
  `state` int(1) NOT NULL DEFAULT 0,
  `reset` int(1) NOT NULL DEFAULT 0,
  PRIMARY KEY (`carplate`),
  UNIQUE KEY `carplate` (`carplate`),
  KEY `carplate_2` (`carplate`)
) ENGINE=InnoDB DEFAULT CHARSET=latin1;

-- Dumping data for table essentialmode1.veh_km: ~3,943 rows (approximately)
/*!40000 ALTER TABLE `veh_km` DISABLE KEYS */;
INSERT IGNORE INTO `veh_km` (`carplate`, `km`, `state`, `reset`) VALUES
	('        ', '45.437422151095234', 0, 0),
	(' STOLEN ', '5.465294924651971', 0, 0),
	('00ABZ916', '790.137571297586', 0, 0),
	('00ACO990', '334.79190254211426', 0, 0),
	('00AZM522', '200.84956407546997', 0, 0),
	('00AZP898', '398.1511207167059', 0, 0),
	('00BLS687', '0', 0, 0),
	('00BTN832', '0', 0, 0),
	('00BVZ317', '0', 0, 0),
	('00DFT337', '457.28116059303284', 0, 0),
	('00DHN488', '141.87465731799603', 0, 0),
	('00EFG347', '0.5022048354148865', 0, 0),
	('00EHL544', '0', 0, 0),
	('00EUN374', '0', 0, 0),
	('00EYM497', '80.21835708618164', 0, 0),
	('00FNW752', '105.2170694702072', 0, 0),
	('00FWD484', '0', 0, 0),
	('00GQX315', '0', 0, 0),
	('00HEV323', '269.9422913030721', 0, 0),
	('00HNC668', '189.96432852811995', 0, 0),
	('00IAE844', '0', 0, 0),
	('00JBC316', '2.36792254447937', 0, 0),
	('00JSE237', '0', 0, 0),
	('00KBH111', '61.0655724555254', 0, 0),
	('00KKR097', '0', 0, 0),
	('00KRE896', '336.4428459528135', 0, 0),
	('00LAZ482', '0', 0, 0),
	('00LBI358', '1592.1750296452083', 0, 0),
	('00LMB135', '902.4700237512589', 0, 0),
	('00MCF114', '0', 0, 0),
	('00MCI919', '255.1931071281433', 0, 0),
	('00MHW395', '0', 0, 0),
	('00MRS113', '30.50595416757278', 0, 0),
	('00NRP046', '71.31044483184814', 0, 0),
	('00NUT774', '83.98173999786377', 0, 0),
	('00OAI890', '1066.572603191249', 0, 0),
	('00OAK954', '805.5756433795905', 0, 0),
	('00ODO682', '0', 0, 0),
	('00PJI970', '0', 0, 0),
	('00PJL753', '594.7950248718262', 0, 0),
	('00PSY926', '553.6687480888213', 0, 0),
	('00QVU573', '47.83841571165249', 0, 0),
	('00SVO412', '0', 0, 0),
	('00TDY286', '0', 0, 0),
	('00TWA388', '383.2667246684432', 0, 0),
	('00UTE564', '1316.2562458551256', 0, 0),
	('00UYB617', '0', 0, 0),
	('00VIU368', '65.47263479232788', 0, 0),
	('00VLE067', '0', 0, 0),
	('00VLT493', '0', 0, 0),
	('00WHE012', '128.29276068951003', 0, 0),
	('00WPZ387', '0', 0, 0),
	('00WUH932', '91.11778950691223', 0, 0),
	('00WXL723', '898.1924614906311', 0, 0),
	('00XCZ272', '0', 0, 0),
	('00XPX785', '491.76935540139675', 0, 0),
	('00XRP747', '211.2559804134071', 0, 0),
	('00XWR210', '379.15280256967526', 0, 0),
	('00XZY544', '0', 0, 0),
	('00YLP220', '0', 0, 0),
	('00YME501', '0', 0, 0),
	('00YSH803', '1017.1016514946823', 0, 0),
	('00YZW843', '621.3972398401238', 0, 0),
	('00ZHT751', '0', 0, 0),
	('00ZHW566', '0', 0, 0),
	('00ZNT586', '180.57012939453125', 0, 0),
	('01AOA875', '0', 0, 0),
	('01BBD227', '0', 0, 0),
	('01BEB006', '0', 0, 0),
	('01BFT895', '0', 0, 0),
	('01BSQ433', '0', 0, 0),
	('01CEE888', '441.33677112776786', 0, 0),
	('01CKB031', '169.82873622800253', 0, 0),
	('01CLV920', '3371.2234550687717', 0, 0),
	('01COU857', '0', 0, 0),
	('01CWR002', '1525.6246025441214', 0, 0),
	('01DWU915', '207.89324760437012', 0, 0),
	('01EES327', '0', 0, 0),
	('01ELH206', '0', 0, 0),
	('01ELK911', '44.575164794921875', 0, 0),
	('01FGF150', '0', 0, 0),
	('01FTC798', '0', 0, 0),
	('01FYK005', '0', 0, 0),
	('01GTX057', '3385.3376358296955', 0, 0),
	('01GXS459', '0', 0, 0),
	('01HZF090', '608.7681299299002', 0, 0),
	('01IGN628', '364.0461483001709', 0, 0),
	('01JCU732', '0', 0, 0),
	('01JFW831', '865.0136494636536', 0, 0),
	('01KBD657', '0', 0, 0),
	('01KIU799', '0', 0, 0),
	('01LMZ238', '0', 0, 0),
	('01MGT668', '0', 0, 0),
	('01MSG133', '0', 0, 0),
	('01NBU109', '809.1809912747121', 0, 0),
	('01NDE917', '0', 0, 0),
	('01NFM398', '0', 0, 0),
	('01NUU583', '0', 0, 0),
	('01OCM737', '55.37064170837402', 0, 0),
	('01OYS341', '0', 0, 0),
	('01PJR225', '3254.480602919124', 0, 0),
	('01PKY506', '69.9694504737854', 0, 0),
	('01PPR281', '215.73132991790771', 0, 0),
	('01PQB608', '2079.6511985986', 0, 0),
	('01PRE665', '0', 0, 0),
	('01PYE982', '1922.6000379699544', 0, 0),
	('01QEH027', '47.985729932785034', 0, 0),
	('01QIC574', '333.568131593056', 0, 0),
	('01QIX945', '7.479599237442017', 0, 0),
	('01QRH370', '103.39622137695551', 0, 0),
	('01RHF389', '0', 0, 0),
	('01RKK587', '0', 0, 0),
	('01SSE127', '0', 0, 0),
	('01TRS541', '844.0128993988037', 0, 0),
	('01UNC062', '0', 0, 0),
	('01UQA195', '165.8690643310547', 0, 0),
	('01VYQ582', '0', 0, 0),
	('01WBA620', '0', 0, 0),
	('01WDQ631', '188.2400687932968', 0, 0),
	('01WHN499', '2282.9202188700438', 0, 0),
	('01WLY747', '124.3332006931305', 0, 0),
	('01WUD398', '0', 0, 0),
	('01XNG576', '0', 0, 0),
	('01XRG709', '6758.789103335381', 0, 0),
	('01XXJ002', '427.36131262779236', 0, 0),
	('01YDS525', '408.8702324650949', 0, 0),
	('01YJV625', '1495.135563077405', 0, 0),
	('01YKA694', '0', 0, 0),
	('01ZAR962', '0', 0, 0),
	('01ZJD607', '43.52796745300293', 0, 0),
	('01ZVJ993', '365.7273826599121', 0, 0),
	('02AFL221', '996.292272801511', 0, 0),
	('02AGI526', '0', 0, 0),
	('02AZG820', '219.22409880161285', 0, 0),
	('02BHF711', '17.889168977737427', 0, 0),
	('02BOY933', '0', 0, 0),
	('02BWY529', '71.16420531272888', 0, 0),
	('02BYQ371', '0', 0, 0),
	('02CLW439', '209.65899276733398', 0, 0),
	('02CUD728', '0', 0, 0),
	('02DKW876', '637.1991271972656', 0, 0),
	('02DNJ280', '27.85495138168335', 0, 0),
	('02DYN231', '0', 0, 0),
	('02DYW523', '0', 0, 0),
	('02EYF961', '828.0335884094238', 0, 0),
	('02EYZ899', '117.70202299952507', 0, 0),
	('02FEH851', '266.3007071230095', 0, 0),
	('02FLG103', '302.6138416528702', 0, 0),
	('02FSZ293', '317.52172791957855', 0, 0),
	('02FUP482', '199.94137300550938', 0, 0),
	('02GMF319', '156.16211318969727', 0, 0),
	('02GNU433', '0', 0, 0),
	('02GYR535', '40.26237988471985', 0, 0),
	('02HBR306', '111.24233675003052', 0, 0),
	('02HBX456', '140.1040481775999', 0, 0),
	('02HJB579', '159.40075826644897', 0, 0),
	('02HSH408', '125.5178542137146', 0, 0),
	('02IDH385', '0', 0, 0),
	('02IXF697', '0', 0, 0),
	('02IYN068', '418.0228532467445', 0, 0),
	('02JVS055', '0', 0, 0),
	('02KBB960', '14.33828067779541', 0, 0),
	('02KRE674', '20.813466842402704', 0, 0),
	('02LEL897', '0', 0, 0),
	('02LJV868', '193.11544288694859', 0, 0),
	('02LMF905', '0', 0, 0),
	('02LTY095', '0', 0, 0),
	('02MHL660', '0', 0, 0),
	('02NUA152', '138.57314109802246', 0, 0),
	('02OEY379', '593.1323733329773', 0, 0),
	('02OGM169', '0', 0, 0),
	('02OKB671', '1427.8563559055328', 0, 0),
	('02PDH329', '37.83044958114624', 0, 0),
	('02PDY718', '0', 0, 0),
	('02QCM124', '10.350777081912383', 0, 0),
	('02RJW749', '23.718168020248413', 0, 0),
	('02SER909', '0', 0, 0),
	('02SHJ554', '0', 0, 0),
	('02SZU656', '207.8409333229065', 0, 0),
	('02SZW978', '0', 0, 0),
	('02TRU159', '6.963137395679951', 0, 0),
	('02UDE356', '0', 0, 0),
	('02VOD142', '0.0032964993733912706', 0, 0),
	('02VOU985', '0.29372352361679077', 0, 0),
	('02VPJ246', '0', 0, 0),
	('02WHG550', '4.944948196411133', 0, 0),
	('02XFF628', '0', 0, 0),
	('02XTU454', '526.4843913316727', 0, 0),
	('02YPV694', '0', 0, 0),
	('02YVA097', '0', 0, 0),
	('02ZQB466', '257.50519013404846', 0, 0),
	('02ZRK516', '0', 0, 0),
	('03AOE979', '0', 0, 0),
	('03APK213', '318.4852509498596', 0, 0),
	('03ATU051', '0', 0, 0),
	('03BGX411', '0', 0, 0),
	('03BIN621', '0', 0, 0),
	('03BMD318', '0', 0, 0),
	('03BVK268', '0', 0, 0),
	('03CBX476', '0', 0, 0),
	('03CCN004', '420.818132519722', 0, 0),
	('03CFD921', '531.3700876235962', 0, 0),
	('03DKG765', '0', 0, 0),
	('03DWL977', '795.2105684280396', 0, 0),
	('03ELD850', '0', 0, 0),
	('03EZL530', '0', 0, 0),
	('03FAV918', '277.03454280272126', 0, 0),
	('03FCY285', '222.70744943618774', 0, 0),
	('03FRL912', '0', 0, 0),
	('03FUI870', '683.2056912835687', 0, 0),
	('03GDQ802', '315.9306878056377', 0, 0),
	('03GKO120', '1295.5586157888174', 0, 0),
	('03IKC948', '623.7352528095944', 0, 0),
	('03JER611', '294.50327491760254', 0, 0),
	('03JHA108', '0.00468050129711628', 0, 0),
	('03JKZ372', '0', 0, 0),
	('03JMM787', '877.1148580908775', 0, 0),
	('03KDE888', '1057.8050021231174', 0, 0),
	('03KFR272', '0', 0, 0),
	('03KVZ467', '2097.429804638028', 0, 0),
	('03KYA295', '0', 0, 0),
	('03LNP885', '0', 0, 0),
	('03MHG711', '618.8687738608569', 0, 0),
	('03MIK045', '0', 0, 0),
	('03MQI497', '0', 0, 0),
	('03NIK484', '0', 0, 0),
	('03NLD657', '1.5831187963485718', 0, 0),
	('03NOK781', '0.639506459236145', 0, 0),
	('03OUY355', '530.1355493436567', 0, 0),
	('03PFX172', '61.388221085071564', 0, 0),
	('03PMJ951', '16.181897163391113', 0, 0),
	('03PWN186', '0', 0, 0),
	('03QJN282', '0', 0, 0),
	('03QPK213', '0', 0, 0),
	('03RBA052', '481.2349388599396', 0, 0),
	('03RBB199', '42.788150026637595', 0, 0),
	('03REZ955', '749.4042782783508', 0, 0),
	('03RKL754', '457.38366985321045', 0, 0),
	('03RXI835', '0', 0, 0),
	('03SMY839', '0', 0, 0),
	('03THS373', '0.37235328555107117', 0, 0),
	('03TLD642', '0', 0, 0),
	('03TQE733', '501.2175217473414', 0, 0),
	('03TRO151', '1298.886832177639', 0, 0),
	('03TYL291', '1238.1109972149134', 0, 0),
	('03UDZ754', '3422.245780606754', 0, 0),
	('03VML849', '319.06741593778133', 0, 0),
	('03VSU527', '923.9997153282166', 0, 0),
	('03WYO648', '0', 0, 0),
	('03XNM658', '0', 0, 0),
	('03XOY376', '3353.1531444850552', 0, 0),
	('03YMP351', '690.1081112562679', 0, 0),
	('03ZAQ075', '488.22383975982666', 0, 0),
	('03ZEF589', '5.658791780471802', 0, 0),
	('03ZHP305', '11.998939126729965', 0, 0),
	('03ZRL145', '0', 0, 0),
	('03ZYC267', '3.2166435718536377', 0, 0),
	('04AAQ517', '0', 0, 0),
	('04ABH040', '0', 0, 0),
	('04AKO782', '0', 0, 0),
	('04BMG272', '214.50369054079056', 0, 0),
	('04BNQ601', '0', 0, 0),
	('04BUH743', '338.5729252099991', 0, 0),
	('04BWC200', '0', 0, 0),
	('04CER740', '367.1918617486954', 0, 0),
	('04CIQ676', '0', 0, 0),
	('04CNZ337', '261.99027490615845', 0, 0),
	('04CYR143', '823.8946871161461', 0, 0),
	('04DDD607', '0', 0, 0),
	('04DEZ646', '0', 0, 0),
	('04DOK493', '0', 0, 0),
	('04DUC472', '196.68217384815216', 0, 0),
	('04DUZ677', '0', 0, 0),
	('04EPZ632', '0', 0, 0),
	('04EXF100', '0', 0, 0),
	('04FFP172', '0', 0, 0),
	('04FIA729', '634.2273179292679', 0, 0),
	('04FSA360', '0', 0, 0),
	('04FXQ885', '0', 0, 0),
	('04GAS503', '0', 0, 0),
	('04GTX555', '0', 0, 0),
	('04HEG865', '894.902717590332', 0, 0),
	('04HMD218', '0', 0, 0),
	('04HTV691', '576.6161918640137', 0, 0),
	('04IEO636', '47.70340147614479', 0, 0),
	('04IRX636', '813.7090135402977', 0, 0),
	('04IZD104', '18.98320609331131', 0, 0),
	('04JDD692', '117.2050833106041', 0, 0),
	('04JKD280', '0', 0, 0),
	('04JQA441', '0', 0, 0),
	('04JSP349', '2620.373564971822', 0, 0),
	('04KIB378', '0', 0, 0),
	('04KTG173', '477.0717698931694', 0, 0),
	('04LBE464', '0', 0, 0),
	('04LKO129', '183.52478218078613', 0, 0),
	('04LOW664', '6482.64192485332', 0, 0),
	('04LRI646', '288.9529168126246', 0, 0),
	('04MAH279', '0', 0, 0),
	('04MBB307', '105.61623577430146', 0, 0),
	('04MDL236', '487.04815993917873', 0, 0),
	('04MJR804', '0', 0, 0),
	('04NFE954', '646.736531496048', 0, 0),
	('04NMB204', '1081.5703893564641', 0, 0),
	('04OON035', '0', 0, 0),
	('04ORL883', '0', 0, 0),
	('04OTJ916', '118.48487663269043', 0, 0),
	('04OXR572', '370.36749508976936', 0, 0),
	('04PDC780', '0', 0, 0),
	('04PEU116', '36.957948207855225', 0, 0),
	('04PWF437', '0', 0, 0),
	('04QQF930', '1880.2260914326762', 0, 0),
	('04QRI808', '3120.4077699389745', 0, 0),
	('04QVT158', '657.1110888421535', 0, 0),
	('04QVW091', '333.6591441631317', 0, 0),
	('04RXC734', '168.9118012189865', 0, 0),
	('04SDG094', '80.0192699432373', 0, 0),
	('04SGP606', '8.575618743896484', 0, 0),
	('04SKF324', '0', 0, 0),
	('04STM253', '0', 0, 0),
	('04TVF318', '389.0471935272217', 0, 0),
	('04UQA570', '1110.924243927002', 0, 0),
	('04VJA251', '874.1556084637414', 0, 0),
	('04XAK704', '0', 0, 0),
	('04XGJ054', '122.95488548278809', 0, 0),
	('04XZV486', '454.52347588539124', 0, 0),
	('04YLB523', '727.3229977954179', 0, 0),
	('04YNE989', '216.93557357788086', 0, 0),
	('04YTP210', '1091.1435745358467', 0, 0),
	('04YVY796', '3.740816593170166', 0, 0),
	('04YWR029', '907.350586950779', 0, 0),
	('04ZCZ553', '188.1265795826912', 0, 0),
	('04ZIB149', '0', 0, 0),
	('04ZPT520', '0', 0, 0),
	('04ZVU832', '0', 0, 0),
	('05AOI518', '0', 0, 0),
	('05BEJ230', '40.35787475970574', 0, 0),
	('05BJD757', '0', 0, 0),
	('05BRP896', '195.37251614034176', 0, 0),
	('05BTS197', '25.885250196792185', 0, 0),
	('05CIL301', '0', 0, 0),
	('05CLP509', '252.85630647931248', 0, 0),
	('05CMY670', '0', 0, 0),
	('05CYP946', '0', 0, 0),
	('05CZE470', '69.42147779464722', 0, 0),
	('05DLS746', '0.9907894730567932', 0, 0),
	('05DSG173', '0', 0, 0),
	('05DXD303', '0', 0, 0),
	('05EDE969', '0', 0, 0),
	('05EDJ972', '76.07113972306252', 0, 0),
	('05EOU674', '590.0131637863815', 0, 0),
	('05FIZ287', '0', 0, 0),
	('05GBF732', '138.55161069333553', 0, 0),
	('05GDP878', '0', 0, 0),
	('05GEL808', '7.870661735534668', 0, 0),
	('05GHK293', '174.6107234954834', 0, 0),
	('05GQO727', '0', 0, 0),
	('05HAH470', '0', 0, 0),
	('05HUK248', '784.0135720589024', 0, 0),
	('05IFC963', '0', 0, 0),
	('05IPC021', '335.62924242019653', 0, 0),
	('05JBI289', '0', 0, 0),
	('05JGC524', '0', 0, 0),
	('05KBC589', '0', 0, 0),
	('05KCQ050', '0', 0, 0),
	('05KCR015', '11.408493041992188', 0, 0),
	('05KPO496', '0', 0, 0),
	('05KVR728', '3636.553790040314', 0, 0),
	('05KXA634', '444.3080735206604', 0, 0),
	('05LLX376', '0', 0, 0),
	('05LOF942', '0', 0, 0),
	('05LOX273', '455.6625981491525', 0, 0),
	('05LXD000', '1538.2032568056602', 0, 0),
	('05LXL210', '710.0159597396851', 0, 0),
	('05LZN277', '507.1526577472687', 0, 0),
	('05MDM744', '0', 0, 0),
	('05MDU125', '3038.782099168282', 0, 0),
	('05MJR376', '148.9303696155548', 0, 0),
	('05MKG452', '0', 0, 0),
	('05MRD483', '260.8627693332237', 0, 0),
	('05NEM515', '0', 0, 0),
	('05NMQ638', '157.79480457305908', 0, 0),
	('05OSD507', '37.53028977484064', 0, 0),
	('05OXX461', '0', 0, 0),
	('05PAT641', '488.5475878881989', 0, 0),
	('05PPG641', '184.61529058218002', 0, 0),
	('05QGG959', '195.93162655830383', 0, 0),
	('05QKB880', '130.299382686615', 0, 0),
	('05QMM467', '0.4423210322856903', 0, 0),
	('05QWG779', '256.0119832754135', 0, 0),
	('05SMT237', '2328.930526586075', 0, 0),
	('05SRB378', '287.77266228268854', 0, 0),
	('05SWR690', '89.1592378616333', 0, 0),
	('05SZQ084', '408.5349932000245', 0, 0),
	('05TJP497', '242.6519664140651', 0, 0),
	('05TSV372', '3393.7530844905414', 0, 0),
	('05UFT387', '244.55751920491457', 0, 0),
	('05VAL111', '0', 0, 0),
	('05WVO581', '0', 0, 0),
	('05WWX652', '0', 0, 0),
	('05XHC395', '0', 0, 0),
	('05XHZ680', '568.28365405777', 0, 0),
	('05XJO790', '1006.777305143798', 0, 0),
	('05XKA410', '0', 0, 0),
	('05XOQ274', '0', 0, 0),
	('05XSP197', '0', 0, 0),
	('05XWL349', '0', 0, 0),
	('05YJI028', '0', 0, 0),
	('05YLS505', '0', 0, 0),
	('05YMN052', '0', 0, 0),
	('05ZFT716', '0', 0, 0),
	('05ZOF713', '0', 0, 0),
	('05ZZV219', '95.41402912139893', 0, 0),
	('06ACX699', '665.1122262761928', 0, 0),
	('06AEI502', '1172.2179692983627', 0, 0),
	('06AHN568', '2.870211362838745', 0, 0),
	('06AHQ934', '348.8173784017563', 0, 0),
	('06AOX941', '229.69373992085457', 0, 0),
	('06BAK845', '0', 0, 0),
	('06BRK687', '1460.9088393747807', 0, 0),
	('06CFL500', '209.75107492506504', 0, 0),
	('06CNL907', '0', 0, 0),
	('06CNR017', '0', 0, 0),
	('06CTW439', '74.01785120891873', 0, 0),
	('06DIG167', '218.8508677482605', 0, 0),
	('06DRV506', '0', 0, 0),
	('06EBO359', '0', 0, 0),
	('06ECP688', '0', 0, 0),
	('06EGI805', '611.7910050773644', 0, 0),
	('06EWJ110', '0', 0, 0),
	('06EZI288', '407.15952545404434', 0, 0),
	('06FCR326', '996.7469263076782', 0, 0),
	('06FOA146', '0', 0, 0),
	('06FQG217', '707.492746763397', 0, 0),
	('06FWJ519', '811.866940498352', 0, 0),
	('06GBG202', '103.73400138597935', 0, 0),
	('06GHG691', '0', 0, 0),
	('06GOD841', '9.21002197265625', 0, 0),
	('06GOU915', '0', 0, 0),
	('06HKG462', '25.895416259765625', 0, 0),
	('06HNQ290', '0', 0, 0),
	('06HWD543', '0.0008650051895529032', 0, 0),
	('06HZC936', '302.1286153793335', 0, 0),
	('06ILI093', '0', 0, 0),
	('06JIM404', '145.2255171611905', 0, 0),
	('06JJN171', '1546.672804325819', 0, 0),
	('06JOJ654', '0', 0, 0),
	('06JQE211', '449.6928458213806', 0, 0),
	('06KCK379', '324.45732678472996', 0, 0),
	('06KHM841', '119.26040589390323', 0, 0),
	('06LCP172', '0', 0, 0),
	('06LOU365', '0', 0, 0),
	('06LTC910', '704.1744129657745', 0, 0),
	('06MGN797', '837.8027911186218', 0, 0),
	('06MJT984', '1934.4286407009931', 0, 0),
	('06MRH211', '0', 0, 0),
	('06MXE242', '2492.1171546246624', 0, 0),
	('06NMZ905', '228.45066809654236', 0, 0),
	('06NNO431', '1.85564630466979', 0, 0),
	('06NOL397', '95.4770367667079', 0, 0),
	('06NQU668', '1709.5028566928231', 0, 0),
	('06NTN782', '0', 0, 0),
	('06OMN774', '0', 0, 0),
	('06OTN181', '0', 0, 0),
	('06PHT500', '0', 0, 0),
	('06PIF229', '0', 0, 0),
	('06PZF612', '415.74439953267574', 0, 0),
	('06QMF718', '0', 0, 0),
	('06QTF015', '468.718509554863', 0, 0),
	('06RND280', '0', 0, 0),
	('06RYT766', '6.3744697868824005', 0, 0),
	('06SDP459', '53.05921434648917', 0, 0),
	('06SHF763', '174.5388542531873', 0, 0),
	('06SHX014', '0', 0, 0),
	('06SKJ996', '0', 0, 0),
	('06SLS167', '0', 0, 0),
	('06SRY972', '395.777099609375', 0, 0),
	('06TAG870', '315.6696219444275', 0, 0),
	('06TVD670', '516.0381382703781', 0, 0),
	('06TWU967', '1413.8717501887586', 0, 0),
	('06UUM195', '0', 0, 0),
	('06UYZ390', '114.6380341053009', 0, 0),
	('06UZW585', '0', 0, 0),
	('06WGB283', '39.52976706047775', 0, 0),
	('06WWG117', '0', 0, 0),
	('06XND421', '383.6582194752991', 0, 0),
	('06XSH448', '1.0909221172332764', 0, 0),
	('06YGI709', '0', 0, 0),
	('06YJK537', '0.9360875487327576', 0, 0),
	('06YLV113', '0', 0, 0),
	('06YTN911', '0', 0, 0),
	('06YUU271', '0', 0, 0),
	('07APR773', '5.340321542927995', 0, 0),
	('07APU788', '0', 0, 0),
	('07CIE161', '0', 0, 0),
	('07CKM532', '0.007755613885819912', 0, 0),
	('07CWB975', '297.1422512938152', 0, 0),
	('07DNY082', '67.53490042686462', 0, 0),
	('07DPH926', '0', 0, 0),
	('07EAW028', '0', 0, 0),
	('07EJH261', '93.22459168708883', 0, 0),
	('07EKB190', '0', 0, 0),
	('07EQH589', '239.2097748219967', 0, 0),
	('07FIP779', '803.8141869306564', 0, 0),
	('07FLT013', '37.48118096590042', 0, 0),
	('07GCN183', '154.03653846681118', 0, 0),
	('07GEC270', '1027.1815374717116', 0, 0),
	('07GIX323', '54.66538095474243', 0, 0),
	('07HTO059', '0', 0, 0),
	('07JBR454', '22.962940722703934', 0, 0),
	('07JEO443', '1155.3733334102144', 0, 0),
	('07JHU766', '173.78328843787313', 0, 0),
	('07JKW250', '135.42594718933105', 0, 0),
	('07JYL321', '68.5914694070816', 0, 0),
	('07KAC330', '0', 0, 0),
	('07KTD676', '2116.7171821525553', 0, 0),
	('07LVP429', '1165.65623892867', 0, 0),
	('07LXY570', '1508.0765714987647', 0, 0),
	('07LZC779', '0', 0, 0),
	('07MFO985', '1.8985230922698975', 0, 0),
	('07MGP414', '0', 0, 0),
	('07MST730', '846.9589667022228', 0, 0),
	('07OUP951', '87.8450345993042', 0, 0),
	('07OWX232', '3531.523004404371', 0, 0),
	('07PBJ440', '474.9647479057312', 0, 0),
	('07QAW155', '0', 0, 0),
	('07QZI889', '0', 0, 0),
	('07SSN521', '0', 0, 0),
	('07SVU834', '334.66010719537735', 0, 0),
	('07TJQ617', '0', 0, 0),
	('07UDT088', '0', 0, 0),
	('07UKI107', '185.05247179587604', 0, 0),
	('07VEK800', '11.345490455627441', 0, 0),
	('07VQZ223', '0', 0, 0),
	('07VWW475', '109.10173062235117', 0, 0),
	('07VXQ365', '0', 0, 0),
	('07XFL519', '70.23351549776271', 0, 0),
	('07YKY556', '4223.9443438810995', 0, 0),
	('07ZAX835', '0', 0, 0),
	('07ZBR625', '0.4121533930301666', 0, 0),
	('07ZCO520', '0', 0, 0),
	('07ZTG252', '0', 0, 0),
	('08AAH388', '513.4179847514606', 0, 0),
	('08ACT894', '0', 0, 0),
	('08BPT801', '1187.678587071132', 0, 0),
	('08BQW878', '87.53625106811523', 0, 0),
	('08BVQ131', '0', 0, 0),
	('08BYW265', '1256.6399912387133', 0, 0),
	('08BZX093', '0', 0, 0),
	('08CIH970', '2225.938283085823', 0, 0),
	('08CTZ785', '0', 0, 0),
	('08DRL653', '0', 0, 0),
	('08EQH020', '2350.3231004000845', 0, 0),
	('08ERU271', '0.000910431714146398', 0, 0),
	('08FAZ273', '112.67434617696563', 0, 0),
	('08FIQ388', '350.578405380249', 0, 0),
	('08GGS881', '0', 0, 0),
	('08GLS116', '470.9294604269089', 0, 0),
	('08GOY459', '43.797104358673096', 0, 0),
	('08GUA384', '204.8275339603424', 0, 0),
	('08IZA072', '0', 0, 0),
	('08JDV192', '0.0044393104035407305', 0, 0),
	('08JEQ387', '0', 0, 0),
	('08JTY947', '210.320739030838', 0, 0),
	('08JUK667', '0', 0, 0),
	('08JXT157', '0', 0, 0),
	('08KHQ613', '0', 0, 0),
	('08KNY429', '147.773184299469', 0, 0),
	('08KQT186', '205.4131064414978', 0, 0),
	('08KWB644', '188.0660924911499', 0, 0),
	('08LCK178', '0', 0, 0),
	('08MTJ199', '6.295905232429504', 0, 0),
	('08MYT899', '26.927228927612305', 0, 0),
	('08NHX552', '355.7918506031856', 0, 0),
	('08NNJ692', '0', 0, 0),
	('08NQN520', '0', 0, 0),
	('08NUA914', '0.8104360107099637', 0, 0),
	('08NWT038', '787.7740398496389', 0, 0),
	('08OIC998', '0', 0, 0),
	('08OPV174', '116.89849281311035', 0, 0),
	('08PBH949', '0', 0, 0),
	('08PCT025', '467.6712855398655', 0, 0),
	('08PDU333', '0', 0, 0),
	('08QRO239', '292.41044271737337', 0, 0),
	('08QSJ085', '0', 0, 0),
	('08RLU484', '0', 0, 0),
	('08RNX750', '0', 0, 0),
	('08RQO767', '0', 0, 0),
	('08RRU001', '0', 0, 0),
	('08RSJ424', '513.1840229034424', 0, 0),
	('08SBN752', '108.38960075378418', 0, 0),
	('08SFL610', '679.3098112288862', 0, 0),
	('08SFM887', '0', 0, 0),
	('08SPJ030', '1345.7851388252166', 0, 0),
	('08SVQ501', '116.2897438518703', 0, 0),
	('08UKL716', '640.8200518488884', 0, 0),
	('08ULI921', '555.094097495079', 0, 0),
	('08VFW521', '0', 0, 0),
	('08VNM377', '0', 0, 0),
	('08VOA858', '576.0727498275228', 0, 0),
	('08VSZ771', '540.6988244056702', 0, 0),
	('08WNU931', '6.1832053468097', 0, 0),
	('08WUN033', '102.10900354385376', 0, 0),
	('08XBM945', '0', 0, 0),
	('08ZSW777', '750.5160263106227', 0, 0),
	('09AGM118', '117.4138808362186', 0, 0),
	('09ALY997', '931.490983234602', 0, 0),
	('09AVY847', '299.39960289001465', 0, 0),
	('09BIY952', '172.4789867401123', 0, 0),
	('09CFA690', '54.076902747154236', 0, 0),
	('09CHB646', '2152.805252239108', 0, 0),
	('09DBH772', '687.9692443907261', 0, 0),
	('09DLJ160', '0', 0, 0),
	('09EIE765', '1017.5312304263934', 0, 0),
	('09ENV886', '0', 0, 0),
	('09FBO567', '11.65459156036377', 0, 0),
	('09FCL425', '442.4478141963482', 0, 0),
	('09FFP622', '1359.207394465804', 0, 0),
	('09FKZ222', '406.47637209296227', 0, 0),
	('09FZJ717', '468.15951218258124', 0, 0),
	('09GCH414', '0', 0, 0),
	('09GLW519', '399.6474642753601', 0, 0),
	('09GSM904', '0', 0, 0),
	('09GUH760', '0', 0, 0),
	('09HTM565', '34.39369249343872', 0, 0),
	('09ICZ469', '733.8671957930783', 0, 0),
	('09IJO289', '107.93252050876617', 0, 0),
	('09IPZ791', '509.6466926038265', 0, 0),
	('09JJR984', '587.2037621901982', 0, 0),
	('09JKR246', '10.176312312483788', 0, 0),
	('09KON777', '1624.359607813647', 0, 0),
	('09KYJ022', '527.8157604646403', 0, 0),
	('09LGA276', '1940.2080177739263', 0, 0),
	('09LQA590', '1677.086136776721', 0, 0),
	('09LRO530', '194.6903343917802', 0, 0),
	('09LTB328', '0', 0, 0),
	('09LWF911', '0', 0, 0),
	('09NWL369', '0', 0, 0),
	('09OGE780', '0', 0, 0),
	('09OZV307', '737.9776318796212', 0, 0),
	('09PFZ896', '0', 0, 0),
	('09PLY167', '108.02255827188492', 0, 0),
	('09PSS605', '0', 0, 0),
	('09PVY738', '11.392726421356201', 0, 0),
	('09QAQ906', '0', 0, 0),
	('09QOH996', '330.030001796782', 0, 0),
	('09QRO771', '640.8561048717238', 0, 0),
	('09QSC049', '0', 0, 0),
	('09QUE226', '0', 0, 0),
	('09RDZ033', '646.1475102901459', 0, 0),
	('09RWZ447', '1.346638560295105', 0, 0),
	('09RYJ383', '0', 0, 0),
	('09SAZ472', '3.542565166950226', 0, 0),
	('09SNC833', '343.133096075966', 0, 0),
	('09SVN694', '0', 0, 0),
	('09TER921', '217.27813911437988', 0, 0),
	('09TGH985', '470.88254306593444', 0, 0),
	('09TIQ056', '166.0337845981121', 0, 0),
	('09TKZ195', '0', 0, 0),
	('09TPO114', '0', 0, 0),
	('09TTE980', '0', 0, 0),
	('09TXC803', '0', 0, 0),
	('09UBC370', '117.07125759124756', 0, 0),
	('09UHW564', '0', 0, 0),
	('09UJO518', '1036.6191567480564', 0, 0),
	('09ULZ756', '0', 0, 0),
	('09UPL648', '0', 0, 0),
	('09VBW509', '0', 0, 0),
	('09VCR704', '561.8088690603036', 0, 0),
	('09VEF208', '0', 0, 0),
	('09VYS801', '0', 0, 0),
	('09WAN992', '0', 0, 0),
	('09WNQ811', '969.8590718507767', 0, 0),
	('09WPA629', '224.24650564086915', 0, 0),
	('09WWX979', '0', 0, 0),
	('09XJA332', '0', 0, 0),
	('09XQR472', '50.37251818180084', 0, 0),
	('09YWI793', '0', 0, 0),
	('09ZER029', '0', 0, 0),
	('09ZGA937', '0', 0, 0),
	('09ZHX153', '0.5794981521612499', 0, 0),
	('09ZJI708', '184.6059832572937', 0, 0),
	('09ZJO858', '3231.1561581490096', 0, 0),
	('20BCQ990', '0', 0, 0),
	('20BLB143', '262.6273126602173', 0, 0),
	('20BUK322', '0', 0, 0),
	('20BYF640', '19.747822761535645', 0, 0),
	('20CII232', '0', 0, 0),
	('20CTN037', '0', 0, 0),
	('20DDU663', '0', 0, 0),
	('20EAT002', '2733.1025404725224', 0, 0),
	('20EJD437', '787.5932309627533', 0, 0),
	('20EUO836', '1.3427183628082275', 0, 0),
	('20FKA763', '34.527137972414494', 0, 0),
	('20FNY991', '101.98729717731476', 0, 0),
	('20FQX016', '905.2128754277946', 0, 0),
	('20GIW407', '0', 0, 0),
	('20HCU362', '3739.396097299643', 0, 0),
	('20HLX068', '64.54307126998901', 0, 0),
	('20IAJ259', '0', 0, 0),
	('20IJX207', '533.6313955063233', 0, 0),
	('20ISH631', '82.85428965091705', 0, 0),
	('20JEU467', '0', 0, 0),
	('20JJU839', '397.1980157587677', 0, 0),
	('20KDU804', '302.52089673280716', 0, 0),
	('20KIC449', '0', 0, 0),
	('20KKO342', '0', 0, 0),
	('20KKP854', '202.43155908584595', 0, 0),
	('20KNB736', '551.001636505127', 0, 0),
	('20KOM600', '0', 0, 0),
	('20LXP638', '1089.895956473425', 0, 0),
	('20NEA619', '89.13318157196045', 0, 0),
	('20NLD073', '0', 0, 0),
	('20OGK546', '0', 0, 0),
	('20OOF801', '49.67083263397217', 0, 0),
	('20PAT131', '1019.7295642020181', 0, 0),
	('20PVI455', '0', 0, 0),
	('20QEL328', '7140.984445206821', 0, 0),
	('20QQC658', '86.41363817453384', 0, 0),
	('20QWD650', '2.6813182830810547', 0, 0),
	('20RGB879', '0', 0, 0),
	('20SHT269', '809.022308663305', 0, 0),
	('20TAJ488', '121.55470591783524', 0, 0),
	('20TVC394', '0', 0, 0),
	('20TWL563', '0', 0, 0),
	('20UIC139', '0', 0, 0),
	('20UNC534', '0', 0, 0),
	('20UOZ482', '73.61120414733887', 0, 0),
	('20UTK575', '1521.8367702960968', 0, 0),
	('20UXJ825', '0', 0, 0),
	('20VBZ476', '281.31662257533753', 0, 0),
	('20VFV696', '0', 0, 0),
	('20VKJ111', '794.5384832322598', 0, 0),
	('20VRJ408', '0', 0, 0),
	('20WGY090', '245.73751544952393', 0, 0),
	('20WZB749', '908.0423167900881', 0, 0),
	('20XMH905', '166.4912338256836', 0, 0),
	('20XPA191', '450.9205253049731', 0, 0),
	('20XTQ388', '0', 0, 0),
	('20XZE554', '0', 0, 0),
	('20YBK187', '0', 0, 0),
	('20YRU681', '0', 0, 0),
	('20YSJ962', '26.993911402649246', 0, 0),
	('20YVH085', '56.17920792102814', 0, 0),
	('20ZGK675', '59.56029009819031', 0, 0),
	('20ZPX928', '545.9058532714844', 0, 0),
	('21AFW845', '0', 0, 0),
	('21AIU960', '5.591766968369484', 0, 0),
	('21AIX775', '0', 0, 0),
	('21ALZ967', '0', 0, 0),
	('21AQG592', '20.681605339050293', 0, 0),
	('21DAN320', '0', 0, 0),
	('21DID378', '1269.4343163967133', 0, 0),
	('21EAX810', '0', 0, 0),
	('21EDA538', '0', 0, 0),
	('21EID715', '53.881484150886536', 0, 0),
	('21ELH245', '0', 0, 0),
	('21ELK058', '149.83413460850716', 0, 0),
	('21FDD343', '215.3233072757721', 0, 0),
	('21FMH806', '0', 0, 0),
	('21GYV116', '0', 0, 0),
	('21HZO039', '1590.0182350408286', 0, 0),
	('21JEE042', '27.467979549313895', 0, 0),
	('21JOL971', '0', 0, 0),
	('21KDW413', '317.48706002999097', 0, 0),
	('21KTW189', '0', 0, 0),
	('21PEC226', '10.91956617264077', 0, 0),
	('21PKE617', '9.239669799804688', 0, 0),
	('21QEN937', '1390.4829205314745', 0, 0),
	('21QEP236', '0', 0, 0),
	('21QQP580', '0', 0, 0),
	('21RQA751', '170.94775485992432', 0, 0),
	('21TDK389', '2719.0152695088764', 0, 0),
	('21TEY309', '525.9049507528543', 0, 0),
	('21TGI447', '118.12981498241425', 0, 0),
	('21TVN145', '2.751638174057007', 0, 0),
	('21UGN252', '17.117799520492554', 0, 0),
	('21UMK272', '0', 0, 0),
	('21VAL195', '0', 0, 0),
	('21VFT740', '0', 0, 0),
	('21VHL594', '391.95864152908325', 0, 0),
	('21VTB724', '0', 0, 0),
	('21VUO965', '708.4599697506055', 0, 0),
	('21WAO900', '64.19817620515823', 0, 0),
	('21WEH628', '608.3204140663147', 0, 0),
	('21WFH989', '0', 0, 0),
	('21WGT608', '0', 0, 0),
	('21WJA996', '63.40652275085449', 0, 0),
	('21WNO347', '356.44379183650017', 0, 0),
	('21WRJ104', '0', 0, 0),
	('21WTW318', '0', 0, 0),
	('21XIJ507', '234.94303512573242', 0, 0),
	('21XMB704', '93.81681840494275', 0, 0),
	('21XPX363', '0', 0, 0),
	('21XWB050', '38.622795939445496', 0, 0),
	('21YBO095', '16.02967480570078', 0, 0),
	('21YHM751', '0', 0, 0),
	('21YVM307', '0', 0, 0),
	('21ZFT132', '0', 0, 0),
	('21ZLW254', '9759.637520424207', 0, 0),
	('21ZTC121', '0', 0, 0),
	('21ZWJ255', '0', 0, 0),
	('21ZWM960', '911.838809132576', 0, 0),
	('22AXT581', '0', 0, 0),
	('22BLB944', '89.58988666534424', 0, 0),
	('22BNE042', '0', 0, 0),
	('22BOB337', '542.1037015914917', 0, 0),
	('22BPP618', '3.1683278349228203', 0, 0),
	('22BRZ252', '656.5981183052063', 0, 0),
	('22CKE647', '76.53423466428649', 0, 0),
	('22CKH452', '1672.633406687528', 0, 0),
	('22DFZ807', '0', 0, 0),
	('22DNH389', '520.6660474547534', 0, 0),
	('22DVB487', '48.125686878338456', 0, 0),
	('22EOE574', '0', 0, 0),
	('22ESC609', '73.79088291036896', 0, 0),
	('22EWZ959', '0', 0, 0),
	('22EXW144', '0', 0, 0),
	('22FDC583', '442.4702850555768', 0, 0),
	('22GEW075', '0', 0, 0),
	('22GGZ341', '0', 0, 0),
	('22GLO923', '62.14286196231842', 0, 0),
	('22GYX743', '692.5090793978889', 0, 0),
	('22HDK798', '0', 0, 0),
	('22HOR586', '14.018352508544922', 0, 0),
	('22HRC131', '0', 0, 0),
	('22HVP545', '0', 0, 0),
	('22HXA458', '425.6696605682373', 0, 0),
	('22HZI809', '0', 0, 0),
	('22IAA219', '871.3076535463333', 0, 0),
	('22IDK137', '0', 0, 0),
	('22IQF946', '334.7668344298145', 0, 0),
	('22JFC888', '0', 0, 0),
	('22JLD801', '476.1599868116755', 0, 0),
	('22JYK753', '164.11753273010254', 0, 0),
	('22KEK453', '391.26368111371994', 0, 0),
	('22KNO228', '0', 0, 0),
	('22LVM549', '0', 0, 0),
	('22MCG486', '0', 0, 0),
	('22MOX696', '314.57530081272125', 0, 0),
	('22MPB466', '46.41319489479065', 0, 0),
	('22MPM042', '0', 0, 0),
	('22MYN100', '0', 0, 0),
	('22ODH284', '476.2514179125428', 0, 0),
	('22OMO815', '0', 0, 0),
	('22OPV490', '79.51482439041138', 0, 0),
	('22OTL145', '98.66053652763367', 0, 0),
	('22OXE863', '53.80638027191162', 0, 0),
	('22PIE957', '376.5823824554682', 0, 0),
	('22PQE576', '729.2315108198673', 0, 0),
	('22QAO562', '1175.9229795765132', 0, 0),
	('22QSY066', '0', 0, 0),
	('22RDQ104', '4251.651388716884', 0, 0),
	('22REE911', '0', 0, 0),
	('22REI993', '0', 0, 0),
	('22RJQ139', '1121.1538582451176', 0, 0),
	('22RMC870', '0', 0, 0),
	('22SEN499', '1332.6292805888224', 0, 0),
	('22SMU867', '0', 0, 0),
	('22SPE008', '1.721166968345642', 0, 0),
	('22SXW815', '454.4512578845024', 0, 0),
	('22SYO148', '118.47846722602844', 0, 0),
	('22TBR709', '419.54734247131273', 0, 0),
	('22THP227', '0', 0, 0),
	('22TKC973', '0', 0, 0),
	('22TNA096', '0', 0, 0),
	('22TQB203', '0', 0, 0),
	('22ULW463', '0', 0, 0),
	('22UPP719', '0', 0, 0),
	('22UQK914', '0', 0, 0),
	('22UVS030', '0', 0, 0),
	('22VAU472', '0', 0, 0),
	('22VHG251', '799.516502170125', 0, 0),
	('22VOV227', '0', 0, 0),
	('22VOX391', '81.42169952392578', 0, 0),
	('22XDS179', '503.7603452205658', 0, 0),
	('22XMA977', '1398.8697583675385', 0, 0),
	('22XNG048', '0', 0, 0),
	('22XXN778', '766.7305338382721', 0, 0),
	('22YQG661', '40.3520464557223', 0, 0),
	('23AAX219', '2.3858753442764282', 0, 0),
	('23AMO595', '78.05913433991373', 0, 0),
	('23BLO932', '0', 0, 0),
	('23BOQ762', '213.8788530738093', 0, 0),
	('23BRA703', '74.64932875335217', 0, 0),
	('23BYR385', '235.55002403259277', 0, 0),
	('23BYZ054', '136.29952923674136', 0, 0),
	('23CUD631', '0', 0, 0),
	('23CUJ740', '1598.2591095466341', 0, 0),
	('23CYU090', '0', 0, 0),
	('23DDG208', '0', 0, 0),
	('23DDN405', '484.09027503430843', 0, 0),
	('23DNG047', '304.6349697113037', 0, 0),
	('23DTP250', '24.119388103485107', 0, 0),
	('23DWV277', '686.6157909270478', 0, 0),
	('23ENP294', '0', 0, 0),
	('23EOM599', '0', 0, 0),
	('23ERK347', '264.8930027075112', 0, 0),
	('23EYJ639', '0', 0, 0),
	('23FAV450', '405.1406067609787', 0, 0),
	('23FBE396', '0', 0, 0),
	('23FHJ797', '279.9871307052672', 0, 0),
	('23FTE878', '29.070127487182617', 0, 0),
	('23GDT218', '0', 0, 0),
	('23GTB402', '0', 0, 0),
	('23GZG824', '337.191658616066', 0, 0),
	('23HIP090', '669.0669441223145', 0, 0),
	('23HOV007', '489.3589653968811', 0, 0),
	('23IAE828', '0', 0, 0),
	('23IEB786', '0', 0, 0),
	('23ILW633', '81.48250244371593', 0, 0),
	('23INM487', '7.00951623916626', 0, 0),
	('23JAG366', '2562.8024954593275', 0, 0),
	('23JCS760', '0', 0, 0),
	('23JDE489', '150.36476707458496', 0, 0),
	('23JWN349', '0', 0, 0),
	('23JXF138', '0', 0, 0),
	('23JZP277', '45.541748046875', 0, 0),
	('23KHI938', '601.7230510339141', 0, 0),
	('23LKI591', '0', 0, 0),
	('23MCC923', '296.66649670689367', 0, 0),
	('23MDW274', '194.02726805210114', 0, 0),
	('23MGU130', '357.6141524259874', 0, 0),
	('23MVI685', '301.3230519294739', 0, 0),
	('23NII482', '92.19808351993561', 0, 0),
	('23NOS290', '353.1164221763611', 0, 0),
	('23NRR127', '1094.501156359911', 0, 0),
	('23NSO312', '851.3968863943592', 0, 0),
	('23NXU229', '0', 0, 0),
	('23ODD622', '0', 0, 0),
	('23OKC972', '3163.7719948267913', 0, 0),
	('23OPL355', '104.42139310529456', 0, 0),
	('23OQA279', '653.7112602745183', 0, 0),
	('23OQI640', '0', 0, 0),
	('23OSR489', '0', 0, 0),
	('23PDI437', '136.08458495140076', 0, 0),
	('23PGO869', '201.50959873199463', 0, 0),
	('23PHJ526', '442.93050324567594', 0, 0),
	('23PJS797', '867.9968970697373', 0, 0),
	('23PMR161', '0', 0, 0),
	('23PTI201', '0', 0, 0),
	('23QXG490', '1143.7198090553284', 0, 0),
	('23RTU587', '0', 0, 0),
	('23SPE170', '797.4442454576492', 0, 0),
	('23UDE618', '592.3852434158325', 0, 0),
	('23VOB909', '0', 0, 0),
	('23VPN181', '0', 0, 0),
	('23VPS984', '0', 0, 0),
	('23VZO349', '267.2014342866314', 0, 0),
	('23WHH090', '0', 0, 0),
	('23WNM258', '0', 0, 0),
	('23WUJ509', '23.753546089399606', 0, 0),
	('23XCZ557', '1.6499481201171875', 0, 0),
	('23XJQ938', '44.48020334975445', 0, 0),
	('23XUH986', '0', 0, 0),
	('23XWZ959', '546.7005190849304', 0, 0),
	('23YHP006', '147.5717178285122', 0, 0),
	('23YMR591', '0', 0, 0),
	('23YPH502', '159.52366105362307', 0, 0),
	('23YXZ512', '1.0335858720354736', 0, 0),
	('23ZRI779', '544.9501495475561', 0, 0),
	('23ZRT356', '259.2484138607979', 0, 0),
	('24AAS755', '536.4305531978607', 0, 0),
	('24ACK728', '0', 0, 0),
	('24ANB776', '209.0328664779663', 0, 0),
	('24ASS159', '265.68874003738165', 0, 0),
	('24AVH144', '109.9126999785658', 0, 0),
	('24AXM343', '114.09747073054314', 0, 0),
	('24BVS710', '1.3149032592773438', 0, 0),
	('24DBW269', '1468.311612278223', 0, 0),
	('24DTR888', '0', 0, 0),
	('24DUH886', '0.9953901171684265', 0, 0),
	('24EOF841', '771.0489512234926', 0, 0),
	('24EYI106', '327.32580760121346', 0, 0),
	('24FIH323', '0', 0, 0),
	('24FKU344', '42.30443376302719', 0, 0),
	('24FLL567', '0', 0, 0),
	('24FNN351', '0', 0, 0),
	('24GBR479', '236.24916195869446', 0, 0),
	('24GJF895', '119.44548304204363', 0, 0),
	('24HPF385', '137.24987697601318', 0, 0),
	('24IKI616', '199.85242116451263', 0, 0),
	('24IYJ215', '1069.3907084924867', 0, 0),
	('24JJL498', '6.017272472381592', 0, 0),
	('24JPO721', '63.99449920654297', 0, 0),
	('24JQG340', '0.5211548209190369', 0, 0),
	('24JSS754', '1760.392892882228', 0, 0),
	('24KFS841', '0', 0, 0),
	('24KMJ960', '0', 0, 0),
	('24KMM665', '884.0050915651955', 0, 0),
	('24LBB818', '0', 0, 0),
	('24LDM378', '1252.1607440869411', 0, 0),
	('24LHH825', '421.55968311429024', 0, 0),
	('24LRG645', '61.751937195658684', 0, 0),
	('24LYD995', '0', 0, 0),
	('24MNS979', '585.9116922420217', 0, 0),
	('24MWU116', '509.7286656498909', 0, 0),
	('24NJC372', '271.71245962381363', 0, 0),
	('24NLO254', '954.8676062170416', 0, 0),
	('24OAH322', '0', 0, 0),
	('24OEX511', '0', 0, 0),
	('24OGH367', '935.4819442923763', 0, 0),
	('24OWG409', '188.30314087867737', 0, 0),
	('24PNF319', '711.0355083942413', 0, 0),
	('24QNK785', '0', 0, 0),
	('24QUZ366', '129.8310341835022', 0, 0),
	('24QVS581', '4.398360013961792', 0, 0),
	('24QWK371', '0', 0, 0),
	('24RHE196', '231.58321367621102', 0, 0),
	('24RHH001', '1144.6226464324936', 0, 0),
	('24RLX872', '568.1870402097702', 0, 0),
	('24RTP659', '299.8528251647949', 0, 0),
	('24SGX816', '0', 0, 0),
	('24TSL745', '0', 0, 0),
	('24ULI022', '66.37673056125641', 0, 0),
	('24UNW833', '0.04770452529191971', 0, 0),
	('24UPG789', '172.0582560300827', 0, 0),
	('24UQD974', '345.24328369647264', 0, 0),
	('24VCJ131', '184.4413214288652', 0, 0),
	('24VFS970', '264.52274975180626', 0, 0),
	('24VJI261', '462.8886417199392', 0, 0),
	('24VZK016', '0', 0, 0),
	('24WIQ826', '362.6969451904297', 0, 0),
	('24WRD079', '5641.82800877816', 0, 0),
	('24WXD024', '667.8455621302128', 0, 0),
	('24WYU650', '0', 0, 0),
	('24XAJ747', '0', 0, 0),
	('24XRD418', '846.6916327448562', 0, 0),
	('24YGK401', '0', 0, 0),
	('24YHQ535', '0', 0, 0),
	('24YLG849', '0', 0, 0),
	('24YTH041', '0', 0, 0),
	('24YWQ473', '0', 0, 0),
	('24ZLO483', '2612.0134123507887', 0, 0),
	('24ZYM984', '0', 0, 0),
	('25BAO713', '0', 0, 0),
	('25BVO328', '2.0299665927886963', 0, 0),
	('25CEX192', '4.286820411682129', 0, 0),
	('25CPL455', '196.6042705103755', 0, 0),
	('25CQP699', '4.3271870613098145', 0, 0),
	('25DKY956', '0', 0, 0),
	('25DPU492', '1097.4668383726384', 0, 0),
	('25DWJ513', '0', 0, 0),
	('25EFB267', '0', 0, 0),
	('25EWM750', '1044.7423328122823', 0, 0),
	('25FEM931', '14.531131079886109', 0, 0),
	('25GAK883', '874.4142436892726', 0, 0),
	('25GBF037', '0', 0, 0),
	('25GGY572', '226.87418992607854', 0, 0),
	('25GLQ442', '0', 0, 0),
	('25GQP520', '0', 0, 0),
	('25HBO515', '0', 0, 0),
	('25HKD619', '439.5307714305236', 0, 0),
	('25HLK780', '366.41129100322723', 0, 0),
	('25HNN036', '0', 0, 0),
	('25HOQ003', '0', 0, 0),
	('25HRN092', '818.2600327730179', 0, 0),
	('25HUT126', '0', 0, 0),
	('25IHW576', '439.45531326532364', 0, 0),
	('25IXG072', '3355.836994871497', 0, 0),
	('25JAZ964', '203.69572883611545', 0, 0),
	('25JTK382', '0', 0, 0),
	('25JUC211', '0', 0, 0),
	('25JYD267', '0', 0, 0),
	('25JZT693', '0', 0, 0),
	('25KGN172', '0', 0, 0),
	('25KOF542', '955.3237708328525', 0, 0),
	('25KVZ939', '704.1146020889282', 0, 0),
	('25LAW613', '3167.4409934752184', 0, 0),
	('25LFQ987', '0', 0, 0),
	('25LLY848', '0', 0, 0),
	('25MKI390', '263.6082340478897', 0, 0),
	('25MKO400', '18.091101974248886', 0, 0),
	('25MQT822', '86.82635000697337', 0, 0),
	('25NEU726', '205.5355305671692', 0, 0),
	('25OKD049', '0', 0, 0),
	('25OZB299', '26.23195457458496', 0, 0),
	('25PFS530', '624.5870989178657', 0, 0),
	('25PPJ056', '0', 0, 0),
	('25QEG999', '226.9886929411441', 0, 0),
	('25QFM068', '0', 0, 0),
	('25QIO542', '0', 0, 0),
	('25RHZ891', '0', 0, 0),
	('25RYA733', '920.3426867723465', 0, 0),
	('25SMV675', '23.06820341059938', 0, 0),
	('25SUC043', '790.8427181839943', 0, 0),
	('25TFB158', '284.5624996525585', 0, 0),
	('25TFY782', '847.0857126712799', 0, 0),
	('25TGV087', '100.02375984191895', 0, 0),
	('25THL996', '2396.8010288476944', 0, 0),
	('25UQU598', '0', 0, 0),
	('25VAW737', '0', 0, 0),
	('25VDV650', '0', 0, 0),
	('25VIT900', '748.3407695293427', 0, 0),
	('25WOZ740', '108.42283397912979', 0, 0),
	('25WVT997', '0', 0, 0),
	('25WWH706', '0', 0, 0),
	('25XRV207', '576.635157585144', 0, 0),
	('25YCU392', '3.705609619617462', 0, 0),
	('25YIC418', '0', 0, 0),
	('25YNL360', '0', 0, 0),
	('25ZHU881', '2979.6391987502575', 0, 0),
	('25ZIG500', '243.00546085834503', 0, 0),
	('25ZVZ590', '0', 0, 0),
	('26AEE071', '1845.119964840822', 0, 0),
	('26AYB979', '0', 0, 0),
	('26BCM187', '0', 0, 0),
	('26BOM430', '0', 0, 0),
	('26BSI850', '336.28020256757736', 0, 0),
	('26CBP882', '301.7332612276077', 0, 0),
	('26CRW578', '0', 0, 0),
	('26CSE649', '1323.4651780426502', 0, 0),
	('26CUZ276', '0', 0, 0),
	('26DHW787', '990.2930196912494', 0, 0),
	('26DNZ889', '0', 0, 0),
	('26DQH721', '0', 0, 0),
	('26DXX052', '0.6295692920684814', 0, 0),
	('26DZO950', '0', 0, 0),
	('26EAF532', '0', 0, 0),
	('26EBA591', '1144.128154695034', 0, 0),
	('26ENI995', '0', 0, 0),
	('26ESZ376', '0', 0, 0),
	('26ETI382', '356.24112844467163', 0, 0),
	('26EYZ973', '0', 0, 0),
	('26FOL613', '1609.0702341508586', 0, 0),
	('26FSO890', '24.333914279937744', 0, 0),
	('26FUF009', '1.394487738609314', 0, 0),
	('26GGR514', '177.66587816923857', 0, 0),
	('26HCG904', '0', 0, 0),
	('26IBR878', '93.5067195892334', 0, 0),
	('26ICD040', '451.8254372412339', 0, 0),
	('26IEX191', '1201.0446991920471', 0, 0),
	('26IUX372', '467.30587100982666', 0, 0),
	('26JGK276', '0', 0, 0),
	('26JIM443', '0', 0, 0),
	('26JJJ309', '0', 0, 0),
	('26JOR865', '0', 0, 0),
	('26KCP874', '338.22437420417555', 0, 0),
	('26KQD486', '386.4171414934099', 0, 0),
	('26KZQ759', '742.282599884551', 0, 0),
	('26LFV544', '0', 0, 0),
	('26LYB008', '0', 0, 0),
	('26MTT553', '0', 0, 0),
	('26MVF401', '555.2420857984107', 0, 0),
	('26NCG145', '1249.8732977509499', 0, 0),
	('26NMC713', '30.258496165275574', 0, 0),
	('26NSW607', '0', 0, 0),
	('26NUQ758', '0', 0, 0),
	('26OFE863', '9.061751365661621', 0, 0),
	('26OFZ058', '0', 0, 0),
	('26ONW203', '6.919446811079979', 0, 0),
	('26OVC604', '1144.7216393724084', 0, 0),
	('26OYK576', '347.0049684047699', 0, 0),
	('26PAC468', '156.80844755284488', 0, 0),
	('26PJM366', '248.77390241622925', 0, 0),
	('26PRT934', '0', 0, 0),
	('26PYT022', '0', 0, 0),
	('26PZF173', '984.7346934712259', 0, 0),
	('26QMN927', '592.8799209594727', 0, 0),
	('26QVU262', '0', 0, 0),
	('26QVZ628', '179.19783306121826', 0, 0),
	('26QZC807', '176.90370559692383', 0, 0),
	('26ROZ750', '2334.224878974259', 0, 0),
	('26SAL275', '1259.862718293909', 0, 0),
	('26SJU910', '0', 0, 0),
	('26TEN118', '131.18810510635376', 0, 0),
	('26TNO636', '1411.229498744011', 0, 0),
	('26TUM586', '273.35145175457', 0, 0),
	('26UHX157', '32.60248970426619', 0, 0),
	('26USB673', '0', 0, 0),
	('26UWA638', '38.86165440280456', 0, 0),
	('26VJD880', '532.8407943248749', 0, 0),
	('26VOS749', '0', 0, 0),
	('26WEY029', '410.69174659252167', 0, 0),
	('26WVP694', '295.03880063816905', 0, 0),
	('26WWJ523', '0', 0, 0),
	('26XOY911', '0', 0, 0),
	('26ZRE187', '0', 0, 0),
	('26ZZY164', '0', 0, 0),
	('27AEN459', '14.47984504699707', 0, 0),
	('27ANM327', '602.1191910710186', 0, 0),
	('27AQA811', '0', 0, 0),
	('27AWX062', '0', 0, 0),
	('27BJX948', '0', 0, 0),
	('27BKS143', '427.66981303691864', 0, 0),
	('27BOF691', '1.8760578632354736', 0, 0),
	('27BQQ048', '183.8958158493042', 0, 0),
	('27BSI199', '885.9871319513768', 0, 0),
	('27BUP161', '0', 0, 0),
	('27BZI619', '1941.192943394184', 0, 0),
	('27CAY035', '0', 0, 0),
	('27CVP722', '1189.7544250488281', 0, 0),
	('27DEV091', '0', 0, 0),
	('27DHV980', '139.6331703811884', 0, 0),
	('27DKW384', '136.66982805728912', 0, 0),
	('27DRT614', '0', 0, 0),
	('27DUS537', '70.58828210830688', 0, 0),
	('27DYR464', '0', 0, 0),
	('27EGL542', '0', 0, 0),
	('27EHS524', '0', 0, 0),
	('27EIB450', '17.189321041107178', 0, 0),
	('27ETO603', '134.54341983795166', 0, 0),
	('27EZO212', '0', 0, 0),
	('27FEK630', '0', 0, 0),
	('27FMR011', '0', 0, 0),
	('27FRZ510', '1141.4055966720916', 0, 0),
	('27FWK451', '0', 0, 0),
	('27GDN345', '1328.0595609286102', 0, 0),
	('27GQO496', '0', 0, 0),
	('27GQQ797', '669.5071592551831', 0, 0),
	('27GRC757', '2223.846770107746', 0, 0),
	('27JQE353', '0', 0, 0),
	('27KIS426', '0', 0, 0),
	('27KQF225', '0', 0, 0),
	('27KTD127', '108.16270124912262', 0, 0),
	('27KXB996', '106.85041090846062', 0, 0),
	('27KZF173', '0', 0, 0),
	('27LVQ433', '989.832275390625', 0, 0),
	('27MEU196', '0', 0, 0),
	('27MFA429', '10.492960929870605', 0, 0),
	('27NCD730', '496.98972161114216', 0, 0),
	('27OEN110', '0', 0, 0),
	('27OSU743', '0', 0, 0),
	('27POM298', '0', 0, 0),
	('27PQY682', '738.2741337456682', 0, 0),
	('27PXX933', '0', 0, 0),
	('27QCN913', '2398.1002076501027', 0, 0),
	('27QGV456', '0', 0, 0),
	('27QSL765', '467.04840529337525', 0, 0),
	('27RBS716', '0', 0, 0),
	('27REV784', '1377.8976549999788', 0, 0),
	('27RNI927', '0', 0, 0),
	('27RNM907', '212.67864561080933', 0, 0),
	('27SRE196', '0', 0, 0),
	('27SWQ660', '0', 0, 0),
	('27SWS961', '1387.4789522215724', 0, 0),
	('27SZY295', '0', 0, 0),
	('27TCY121', '285.3516649771482', 0, 0),
	('27THJ675', '0', 0, 0),
	('27TLE250', '198.91209638118744', 0, 0),
	('27TPQ363', '0', 0, 0),
	('27TYB008', '556.258245497942', 0, 0),
	('27VGC195', '1135.1573593690991', 0, 0),
	('27VPM092', '0', 0, 0),
	('27WCM187', '90.96705577895045', 0, 0),
	('27WLQ403', '179.3864448615932', 0, 0),
	('27WLW511', '249.1090488542104', 0, 0),
	('27XLT316', '83.79182124137878', 0, 0),
	('27YIX414', '142.1441000327468', 0, 0),
	('27YQN801', '437.0701459100237', 0, 0),
	('27YTP639', '2219.3662488893606', 0, 0),
	('27YWN857', '11.436983466148376', 0, 0),
	('27ZAF046', '0', 0, 0),
	('27ZIV092', '0', 0, 0),
	('27ZLA025', '689.5118005983531', 0, 0),
	('27ZVD572', '179.10054044798017', 0, 0),
	('28ABE857', '0', 0, 0),
	('28ACT854', '0', 0, 0),
	('28ASR619', '0', 0, 0),
	('28AVE013', '11.296401977539062', 0, 0),
	('28AYH741', '34.30072679370642', 0, 0),
	('28BEF687', '0', 0, 0),
	('28BEH776', '67.85505294799805', 0, 0),
	('28BFC533', '741.7987940013409', 0, 0),
	('28BGS321', '1108.083703994751', 0, 0),
	('28BTP971', '412.2691764831543', 0, 0),
	('28BVY342', '45.427953243255615', 0, 0),
	('28BWZ019', '0', 0, 0),
	('28CJC460', '0', 0, 0),
	('28CSC320', '0', 0, 0),
	('28DAV191', '59.918631912907586', 0, 0),
	('28DBS396', '0', 0, 0),
	('28DFI585', '9.56551194190979', 0, 0),
	('28DLI003', '16.963022232055664', 0, 0),
	('28DON678', '0', 0, 0),
	('28ERW300', '0', 0, 0),
	('28EXC017', '82.65996240824461', 0, 0),
	('28EXU807', '312.8929090499878', 0, 0),
	('28GED233', '98.02941742063558', 0, 0),
	('28GFX024', '0', 0, 0),
	('28GJQ988', '6.239803314208984', 0, 0),
	('28GKN204', '6805.798345736228', 0, 0),
	('28GXQ656', '373.475249260664', 0, 0),
	('28GYD616', '0', 0, 0),
	('28HCB302', '46.925570487976074', 0, 0),
	('28HQO948', '0', 0, 0),
	('28HTY876', '0', 0, 0),
	('28IAX769', '1336.3578879041597', 0, 0),
	('28IMV053', '0.0012306818971410394', 0, 0),
	('28ITU304', '0', 0, 0),
	('28JHS313', '0', 0, 0),
	('28JKT017', '707.53564222157', 0, 0),
	('28JPE192', '246.95702069997787', 0, 0),
	('28KDW105', '0', 0, 0),
	('28KJE167', '675.8922414812259', 0, 0),
	('28KXX853', '1238.6191477775574', 0, 0),
	('28MLR240', '0', 0, 0),
	('28MNJ293', '0', 0, 0),
	('28MNP373', '197.33700879476964', 0, 0),
	('28MVV776', '919.3720027243253', 0, 0),
	('28NMR803', '0', 0, 0),
	('28OKW089', '24.929553985595703', 0, 0),
	('28OSC757', '324.96611404418945', 0, 0),
	('28PUP842', '0', 0, 0),
	('28PXR231', '41.60202431678772', 0, 0),
	('28QOS173', '0', 0, 0),
	('28QQW749', '0', 0, 0),
	('28RFR382', '7.082594394683838', 0, 0),
	('28RML628', '1556.6145747653209', 0, 0),
	('28SEA206', '522.5257668569684', 0, 0),
	('28SEX890', '0', 0, 0),
	('28SYU578', '0', 0, 0),
	('28TAD516', '0', 0, 0),
	('28TDA505', '526.3362792730331', 0, 0),
	('28TGG618', '196.54599285125732', 0, 0),
	('28UEO724', '0', 0, 0),
	('28URL362', '1464.1255875500865', 0, 0),
	('28USA643', '1.5590722411870956', 0, 0),
	('28VDT529', '0', 0, 0),
	('28VGB366', '252.05383491516113', 0, 0),
	('28VGY653', '0', 0, 0),
	('28VZL084', '467.46750020980835', 0, 0),
	('28WFL019', '0', 0, 0),
	('28WIJ390', '662.738144159317', 0, 0),
	('28XLU945', '846.2353693707264', 0, 0),
	('28XNL632', '1396.84722614591', 0, 0),
	('28XUB013', '0', 0, 0),
	('28YAJ416', '0', 0, 0),
	('28YHE466', '0.5762712955474854', 0, 0),
	('28YUS537', '0', 0, 0),
	('28YXX534', '0', 0, 0),
	('28ZCQ159', '0', 0, 0),
	('28ZJK009', '0', 0, 0),
	('28ZQH339', '800.4859079420567', 0, 0),
	('28ZSS776', '186.3130858388031', 0, 0),
	('28ZZR026', '288.169527053833', 0, 0),
	('29BGB367', '26.550662994384766', 0, 0),
	('29BVZ858', '0.006814494263380766', 0, 0),
	('29DBH810', '1236.9918143033174', 0, 0),
	('29DVH086', '0', 0, 0),
	('29EGE504', '174.75253386143595', 0, 0),
	('29ENV626', '0', 0, 0),
	('29ENY029', '378.62151193618774', 0, 0),
	('29EOS931', '1.632101058959961', 0, 0),
	('29FSV480', '0', 0, 0),
	('29FZK057', '0', 0, 0),
	('29GAH354', '1914.7637717795442', 0, 0),
	('29GBC549', '370.74596296285745', 0, 0),
	('29GHH960', '0', 0, 0),
	('29GYX415', '841.1688760605757', 0, 0),
	('29HJC161', '1190.0559077262878', 0, 0),
	('29HRH562', '189.54434204101562', 0, 0),
	('29IFV265', '0', 0, 0),
	('29IIE809', '103.00791358947754', 0, 0),
	('29IZS163', '178.08548843860626', 0, 0),
	('29JCW091', '57.63534364104271', 0, 0),
	('29KHV560', '179.06029610545374', 0, 0),
	('29KPC258', '0', 0, 0),
	('29LJI311', '0', 0, 0),
	('29LQU448', '2174.6034712791443', 0, 0),
	('29LQZ453', '0', 0, 0),
	('29LRD566', '0', 0, 0),
	('29LYT972', '0', 0, 0),
	('29MBW230', '0', 0, 0),
	('29MEG939', '170.212251663208', 0, 0),
	('29MNG897', '227.26194883184507', 0, 0),
	('29OPW985', '52.57921075820923', 0, 0),
	('29PKU292', '165.8240763247013', 0, 0),
	('29QDR539', '0', 0, 0),
	('29QGT157', '688.3512536087073', 0, 0),
	('29QQU981', '333.29715943336487', 0, 0),
	('29RFM441', '193.18754447143874', 0, 0),
	('29RSH523', '17.538784100994235', 0, 0),
	('29RSR747', '0', 0, 0),
	('29RXD753', '346.1999332741543', 0, 0),
	('29RXX644', '0', 0, 0),
	('29SAH683', '0', 0, 0),
	('29SKG115', '0', 0, 0),
	('29SLR689', '648.0570303797722', 0, 0),
	('29SOT859', '0', 0, 0),
	('29TAM884', '77.96611751616001', 0, 0),
	('29TGP196', '0', 0, 0),
	('29TKC598', '1685.98921251297', 0, 0),
	('29TMN848', '186.83355712890625', 0, 0),
	('29TOC325', '3421.1070407629013', 0, 0),
	('29UCZ635', '458.87024545669556', 0, 0),
	('29USY056', '717.9779254198074', 0, 0),
	('29WCN154', '0', 0, 0),
	('29WMY021', '0', 0, 0),
	('29WPF333', '48.93735694885254', 0, 0),
	('29WQO118', '0', 0, 0),
	('29XEA997', '224.1518405675888', 0, 0),
	('29YAB472', '1020.7263162136078', 0, 0),
	('29YUV344', '56.50522528938018', 0, 0),
	('29YUZ326', '0', 0, 0),
	('29YXF483', '998.6962897899721', 0, 0),
	('29ZVW611', '915.632473257021', 0, 0),
	('40ABD123', '12.56377923488617', 0, 0),
	('40BDA971', '0', 0, 0),
	('40CIO440', '0', 0, 0),
	('40CLJ865', '639.026858329773', 0, 0),
	('40CLP824', '0', 0, 0),
	('40CPD770', '5747.933774769306', 0, 0),
	('40CXJ259', '97.5604076385498', 0, 0),
	('40DBT838', '0', 0, 0),
	('40DPG575', '0', 0, 0),
	('40DYG454', '78.55800896883011', 0, 0),
	('40DZB649', '0', 0, 0),
	('40EMK574', '0', 0, 0),
	('40EMS924', '0', 0, 0),
	('40FLZ097', '900.600855499506', 0, 0),
	('40FPR286', '37.46654462814331', 0, 0),
	('40FQA219', '0', 0, 0),
	('40GGN321', '0', 0, 0),
	('40GHF313', '1951.0548866922036', 0, 0),
	('40GQR847', '0', 0, 0),
	('40HTW343', '0', 0, 0),
	('40HVF461', '0', 0, 0),
	('40HXO530', '1.9170225858688354', 0, 0),
	('40IEM610', '2.369398593902588', 0, 0),
	('40III811', '0', 0, 0),
	('40KDD371', '0', 0, 0),
	('40KDX200', '0', 0, 0),
	('40KMM549', '34.20070418715477', 0, 0),
	('40KWL274', '23.50577163696289', 0, 0),
	('40MLA627', '0.030497189611196518', 0, 0),
	('40MQO942', '419.86759940712363', 0, 0),
	('40MTN867', '0', 0, 0),
	('40NCA547', '296.6343790462706', 0, 0),
	('40NGN951', '1037.6400887938216', 0, 0),
	('40NMS352', '0', 0, 0),
	('40NTQ660', '18.980009991908446', 0, 0),
	('40OEJ585', '0', 0, 0),
	('40OSE737', '14.08553820848465', 0, 0),
	('40PAT067', '0', 0, 0),
	('40PRH532', '693.2672557234764', 0, 0),
	('40QGB470', '0', 0, 0),
	('40QMK982', '421.3238558769226', 0, 0),
	('40QYV002', '107.21713590621948', 0, 0),
	('40RZE888', '241.392983276397', 0, 0),
	('40SAZ874', '0', 0, 0),
	('40TDH061', '69.99872499704361', 0, 0),
	('40TII940', '3646.7711634486914', 0, 0),
	('40TNH039', '0', 0, 0),
	('40TTP846', '0', 0, 0),
	('40TVZ489', '526.9930933059659', 0, 0),
	('40UEE156', '235.58674640161917', 0, 0),
	('40UFB361', '0', 0, 0),
	('40VTE385', '0', 0, 0),
	('40WWF292', '0.6268596125300974', 0, 0),
	('40WYP231', '0', 0, 0),
	('40WZM526', '239.3496515750885', 0, 0),
	('40XBR962', '690.6446521952748', 0, 0),
	('40XJF287', '2.6712921168655157', 0, 0),
	('40XNA238', '255.0904575851746', 0, 0),
	('40YKV625', '549.4304186795634', 0, 0),
	('40ZCO167', '0', 0, 0),
	('40ZWR915', '0', 0, 0),
	('41ACR953', '715.2899197787046', 0, 0),
	('41AJP450', '0', 0, 0),
	('41AZT084', '13.03302276134491', 0, 0),
	('41BRF845', '305.1952891051769', 0, 0),
	('41BUF760', '0', 0, 0),
	('41BUO246', '0', 0, 0),
	('41CAL896', '23.6193193718791', 0, 0),
	('41CEI097', '404.03090618457645', 0, 0),
	('41CLI176', '0', 0, 0),
	('41CMZ192', '0', 0, 0),
	('41CVF321', '0', 0, 0),
	('41DOL144', '0', 0, 0),
	('41DOR014', '0', 0, 0),
	('41DXS174', '0', 0, 0),
	('41EMK212', '289.20460759848356', 0, 0),
	('41FEG349', '0', 0, 0),
	('41FWD063', '981.9475515037775', 0, 0),
	('41FWO549', '116.63154995530931', 0, 0),
	('41GFQ124', '660.1251353025436', 0, 0),
	('41GWP606', '0', 0, 0),
	('41HQR319', '451.3426085114479', 0, 0),
	('41IDJ195', '0', 0, 0),
	('41IGW398', '0', 0, 0),
	('41IYN600', '309.77971267700195', 0, 0),
	('41JWB889', '1795.4555002581328', 0, 0),
	('41JXP348', '167.30806732177734', 0, 0),
	('41LIK729', '107.18445777893066', 0, 0),
	('41LIR689', '15.187039375305176', 0, 0),
	('41LLY720', '1031.460072427988', 0, 0),
	('41MBU076', '0', 0, 0),
	('41MRC279', '1644.1808614730835', 0, 0),
	('41MZI659', '252.7170000076294', 0, 0),
	('41NOC897', '11.292791604995728', 0, 0),
	('41OFZ932', '1057.3700677156448', 0, 0),
	('41OHO021', '0', 0, 0),
	('41ONI305', '0', 0, 0),
	('41OPV799', '1143.0466135144234', 0, 0),
	('41PEM381', '0.001114193699322641', 0, 0),
	('41PYE329', '0', 0, 0),
	('41QKS398', '996.1562328570872', 0, 0),
	('41QTW625', '0', 0, 0),
	('41QUL702', '922.2056388725614', 0, 0),
	('41RQV241', '894.16597032547', 0, 0),
	('41RWD192', '310.2584204673767', 0, 0),
	('41SIR568', '0', 0, 0),
	('41SUA388', '637.6524841934443', 0, 0),
	('41TWS282', '362.64530754089355', 0, 0),
	('41UUG459', '694.976385474205', 0, 0),
	('41UXM772', '460.404673576355', 0, 0),
	('41VKS830', '7.743825912475586', 0, 0),
	('41VLB664', '239.56358337402344', 0, 0),
	('41WDS232', '0', 0, 0),
	('41WLM320', '1038.4183936698391', 0, 0),
	('41WTT808', '0', 0, 0),
	('41XEN437', '1888.8914894446498', 0, 0),
	('41XPE046', '0', 0, 0),
	('41XXY945', '807.1862852014601', 0, 0),
	('41YNK134', '0', 0, 0),
	('41YQH103', '0', 0, 0),
	('41YRV484', '684.2495749592781', 0, 0),
	('41YSK579', '0', 0, 0),
	('41YTN535', '1777.7765895426273', 0, 0),
	('41YZK797', '311.6491973400116', 0, 0),
	('41ZJH816', '102.3210301399231', 0, 0),
	('41ZJK511', '14.37933441484347', 0, 0),
	('41ZLC363', '100.60401117801666', 0, 0),
	('41ZOU290', '192.5470876257168', 0, 0),
	('42APM813', '1531.2414145637304', 0, 0),
	('42APS024', '0', 0, 0),
	('42AQJ108', '0', 0, 0),
	('42AUD885', '0', 0, 0),
	('42AVR354', '545.3341165930033', 0, 0),
	('42AXZ692', '0', 0, 0),
	('42BAM900', '0', 0, 0),
	('42BGQ357', '599.7799415588379', 0, 0),
	('42BHJ920', '1.7314512729644775', 0, 0),
	('42BIU506', '606.196231842041', 0, 0),
	('42DMT629', '862.5753781334497', 0, 0),
	('42DVE594', '0', 0, 0),
	('42DXT781', '171.49355098605156', 0, 0),
	('42EHO889', '314.0645895078778', 0, 0),
	('42EKZ848', '0', 0, 0),
	('42ERK817', '171.67856407165527', 0, 0),
	('42FDE822', '72.39695052988827', 0, 0),
	('42FJE249', '0', 0, 0),
	('42FRN612', '0', 0, 0),
	('42GEW746', '266.1167338488158', 0, 0),
	('42GQH074', '7.108873128890991', 0, 0),
	('42GYT215', '0', 0, 0),
	('42HFN060', '349.56297636032104', 0, 0),
	('42HHJ281', '490.86164712905884', 0, 0),
	('42HST826', '434.52009438502137', 0, 0),
	('42HXK968', '89.17901396751404', 0, 0),
	('42ICE421', '0', 0, 0),
	('42IKK054', '277.2270208001137', 0, 0),
	('42ITI902', '457.01758098602295', 0, 0),
	('42IVL431', '2.052644729614258', 0, 0),
	('42IWV018', '26.420541763305664', 0, 0),
	('42JMW675', '106.62758230604231', 0, 0),
	('42JYL767', '303.5376920700073', 0, 0),
	('42LNA238', '16.471601486206055', 0, 0),
	('42LPP448', '5550.5154395103455', 0, 0),
	('42MYT311', '18.871344566345215', 0, 0),
	('42NKZ478', '0', 0, 0),
	('42ODE529', '0', 0, 0),
	('42OMT758', '707.1803747415543', 0, 0),
	('42ONG041', '439.238971889019', 0, 0),
	('42OWK071', '90.93538205325603', 0, 0),
	('42PZU010', '321.7257979834103', 0, 0),
	('42QDY543', '0', 0, 0),
	('42QNR752', '0', 0, 0),
	('42RLS490', '60.31478691101074', 0, 0),
	('42RWH721', '873.3892758488655', 0, 0),
	('42RXV080', '948.5203460454941', 0, 0),
	('42SYK176', '10.745651602745056', 0, 0),
	('42SZH382', '0', 0, 0),
	('42TOX565', '127.05093969218433', 0, 0),
	('42TSR517', '7.248464584350586', 0, 0),
	('42UFU979', '202.43243770950357', 0, 0),
	('42UMT209', '1020.3931953907013', 0, 0),
	('42UTI031', '969.7384702069103', 0, 0),
	('42VIA335', '257.2322278022766', 0, 0),
	('42VYF725', '552.7833127975464', 0, 0),
	('42WTR051', '0', 0, 0),
	('42XJD988', '0', 0, 0),
	('42XWV188', '0', 0, 0),
	('42XYQ735', '0', 0, 0),
	('42YHR606', '149.6753410315141', 0, 0),
	('42YOJ805', '214.1649478673935', 0, 0),
	('42ZDG758', '0', 0, 0),
	('42ZWP616', '91.96540449559689', 0, 0),
	('43ACL069', '158.56369506567717', 0, 0),
	('43ACN360', '0', 0, 0),
	('43AGF112', '419.8421630039229', 0, 0),
	('43AGI827', '0', 0, 0),
	('43BFL832', '2402.2054641246796', 0, 0),
	('43BRI912', '11.928165435791016', 0, 0),
	('43BYC861', '260.36300896824105', 0, 0),
	('43BYX495', '0', 0, 0),
	('43CAO091', '0', 0, 0),
	('43CNJ243', '239.7180245044874', 0, 0),
	('43CNM794', '441.37337177130394', 0, 0),
	('43CQK650', '0', 0, 0),
	('43CUB826', '0', 0, 0),
	('43DEM331', '68.69229102134705', 0, 0),
	('43DIG482', '40.39891767501831', 0, 0),
	('43EDC193', '454.9622049331665', 0, 0),
	('43EEL364', '582.4875325411558', 0, 0),
	('43EEO079', '0', 0, 0),
	('43FBM695', '525.4022791292518', 0, 0),
	('43FVS310', '723.441593170166', 0, 0),
	('43GPP457', '472.10464000701904', 0, 0),
	('43GSL912', '456.0970401763916', 0, 0),
	('43GVV025', '321.69847609102726', 0, 0),
	('43HND018', '179.70901107788086', 0, 0),
	('43HZM576', '132.78412227221997', 0, 0),
	('43ICB225', '0', 0, 0),
	('43IJQ107', '911.0511717796326', 0, 0),
	('43ILG118', '1072.0719449967146', 0, 0),
	('43JDK699', '0', 0, 0),
	('43JMW334', '720.6851977109909', 0, 0),
	('43KBN836', '1519.2968158721924', 0, 0),
	('43KLK291', '491.8055308065377', 0, 0),
	('43LNX833', '0', 0, 0),
	('43LRK247', '0', 0, 0),
	('43MCK131', '379.42769676446915', 0, 0),
	('43MMF486', '0', 0, 0),
	('43MNG413', '200.3099799156189', 0, 0),
	('43MRF336', '0', 0, 0),
	('43MVQ686', '170.11044216156006', 0, 0),
	('43NKI744', '184.24590682983398', 0, 0),
	('43NQL846', '449.20926962792873', 0, 0),
	('43NUY250', '176.96092575788498', 0, 0),
	('43NXF391', '509.72561740875244', 0, 0),
	('43OCR901', '0', 0, 0),
	('43PEF322', '1727.2472782791592', 0, 0),
	('43QAR230', '1964.5453643519431', 0, 0),
	('43ROS132', '0', 0, 0),
	('43RZX727', '0', 0, 0),
	('43SNA642', '0', 0, 0),
	('43SXF534', '0', 0, 0),
	('43TCS590', '16.248059146106243', 0, 0),
	('43THS974', '0', 0, 0),
	('43TUV324', '355.43262927792966', 0, 0),
	('43VKL790', '0', 0, 0),
	('43VOY194', '0', 0, 0),
	('43WAN275', '0', 0, 0),
	('43XGX665', '583.9763869643211', 0, 0),
	('43XHQ978', '1179.8166381083429', 0, 0),
	('43ZEW746', '987.3759430854552', 0, 0),
	('43ZHQ809', '8.403002977371216', 0, 0),
	('43ZZJ341', '136.72101545333862', 0, 0),
	('44ARP439', '0', 0, 0),
	('44ASP354', '0', 0, 0),
	('44ASV563', '0', 0, 0),
	('44BIW277', '0', 0, 0),
	('44BOB888', '0', 0, 0),
	('44CGS705', '0', 0, 0),
	('44DIB843', '1343.1190069019794', 0, 0),
	('44DLM290', '369.2408533548005', 0, 0),
	('44DNP599', '275.23172810673714', 0, 0),
	('44EOK256', '0', 0, 0),
	('44EON051', '0', 0, 0),
	('44EPC387', '0', 0, 0),
	('44ERM225', '9.635699272155762', 0, 0),
	('44FGG383', '0', 0, 0),
	('44FGZ624', '0', 0, 0),
	('44FKX547', '0', 0, 0),
	('44FMJ485', '0.438328355550766', 0, 0),
	('44GCO774', '21.629361524013802', 0, 0),
	('44GMK832', '147.99817657470703', 0, 0),
	('44GOE985', '2460.3643190114235', 0, 0),
	('44HEU445', '205.962248057127', 0, 0),
	('44HRZ998', '874.5093914440367', 0, 0),
	('44HYU829', '323.50348142161965', 0, 0),
	('44IJO804', '0', 0, 0),
	('44IKA084', '398.4031565504265', 0, 0),
	('44IWL443', '1324.902591984719', 0, 0),
	('44IZU480', '0', 0, 0),
	('44JFV246', '121.03381130099297', 0, 0),
	('44JJO263', '0', 0, 0),
	('44JSA965', '0', 0, 0),
	('44KYA432', '0', 0, 0),
	('44LAM734', '333.25680899620056', 0, 0),
	('44LHQ400', '0', 0, 0),
	('44LXL106', '12.021957151999231', 0, 0),
	('44MMJ015', '0', 0, 0),
	('44MRR221', '68.58786964416504', 0, 0),
	('44NBT450', '403.5915520787239', 0, 0),
	('44NHD610', '0', 0, 0),
	('44NLU462', '833.8805278688669', 0, 0),
	('44OCQ509', '10.211950540542603', 0, 0),
	('44OHY044', '0', 0, 0),
	('44OPO092', '417.3290139264427', 0, 0),
	('44OPV409', '1461.4793196311803', 0, 0),
	('44OWO610', '980.6161896921694', 0, 0),
	('44OYD195', '850.6678805176634', 0, 0),
	('44PBE360', '0', 0, 0),
	('44PGN000', '0', 0, 0),
	('44PSV735', '149.8876509666443', 0, 0),
	('44QAW751', '0', 0, 0),
	('44QEJ644', '0', 0, 0),
	('44QFQ715', '0', 0, 0),
	('44QKO065', '0', 0, 0),
	('44QOB449', '38.440425872802734', 0, 0),
	('44QQW208', '101.5952877998352', 0, 0),
	('44QYC620', '0', 0, 0),
	('44RJZ414', '0', 0, 0),
	('44RPZ911', '0', 0, 0),
	('44SEW674', '0', 0, 0),
	('44SRM096', '0', 0, 0),
	('44SVL129', '589.7744331359863', 0, 0),
	('44TDZ459', '165.73215103149414', 0, 0),
	('44TEP477', '0', 0, 0),
	('44TGH221', '347.4314703941345', 0, 0),
	('44TWL780', '0', 0, 0),
	('44UZP412', '0', 0, 0),
	('44VCQ075', '131.20646858215332', 0, 0),
	('44VIT231', '0', 0, 0),
	('44VLA776', '23.52466470003128', 0, 0),
	('44VOH359', '0', 0, 0),
	('44WGQ839', '9.638757228851318', 0, 0),
	('44WJC711', '0', 0, 0),
	('44WRJ289', '236.78249793034047', 0, 0),
	('44WWZ594', '4391.067448508809', 0, 0),
	('44XIH524', '0', 0, 0),
	('44XPX908', '321.6802158355713', 0, 0),
	('44XTU754', '64.02026128768921', 0, 0),
	('44XZU351', '0', 0, 0),
	('44YDR884', '0', 0, 0),
	('44YHS763', '37.71074390411377', 0, 0),
	('44YMA418', '0', 0, 0),
	('44YYJ239', '237.09945046901703', 0, 0),
	('44ZZJ890', '0', 0, 0),
	('45AHT514', '719.5886517261388', 0, 0),
	('45BLQ903', '21.51184844970703', 0, 0),
	('45CXA909', '3754.952086150646', 0, 0),
	('45CYX294', '111.14423503831495', 0, 0),
	('45DJX380', '713.1839599609375', 0, 0),
	('45DPP036', '819.3339541766327', 0, 0),
	('45ECS288', '47.62020579725504', 0, 0),
	('45EFY512', '0', 0, 0),
	('45ESY964', '0', 0, 0),
	('45FGY173', '0', 0, 0),
	('45FRP121', '0', 0, 0),
	('45FUV464', '0', 0, 0),
	('45FWF300', '0', 0, 0),
	('45FXM471', '0', 0, 0),
	('45FXS223', '0', 0, 0),
	('45HBO454', '65.1314662694931', 0, 0),
	('45HBU725', '496.24265480041504', 0, 0),
	('45HDI507', '0', 0, 0),
	('45HET648', '0', 0, 0),
	('45HIO063', '411.21367886057124', 0, 0),
	('45HRA707', '393.8812804222107', 0, 0),
	('45IES583', '4450.7504632894415', 0, 0),
	('45IWL913', '190.45206594467163', 0, 0),
	('45IWM180', '0', 0, 0),
	('45JAH174', '0', 0, 0),
	('45JBC631', '68.45360831916332', 0, 0),
	('45JPR468', '0', 0, 0),
	('45JSY701', '615.3618068695068', 0, 0),
	('45JVU790', '0', 0, 0),
	('45JVZ539', '0', 0, 0),
	('45JYZ703', '1338.5497641319962', 0, 0),
	('45KKP333', '0', 0, 0),
	('45KLH969', '267.0426000058651', 0, 0),
	('45KRE211', '737.3225811421871', 0, 0),
	('45KVZ768', '0', 0, 0),
	('45LHQ148', '0', 0, 0),
	('45LMZ471', '0', 0, 0),
	('45LNL190', '0', 0, 0),
	('45MAT355', '433.40365982055664', 0, 0),
	('45MEU237', '15.326539993286133', 0, 0),
	('45MUQ025', '0', 0, 0),
	('45MZC261', '176.1326026916504', 0, 0),
	('45NBL747', '545.3497323989868', 0, 0),
	('45PBA826', '176.17682867584517', 0, 0),
	('45PCP812', '341.64346146583557', 0, 0),
	('45PYT594', '1186.547487026779', 0, 0),
	('45QAK279', '87.96097183227539', 0, 0),
	('45QEA489', '0', 0, 0),
	('45QOK927', '215.30179595947266', 0, 0),
	('45QPS402', '515.0441446304321', 0, 0),
	('45RKP741', '63.62970542302355', 0, 0),
	('45RQX568', '0', 0, 0),
	('45RZD799', '6.226309299468994', 0, 0),
	('45SBL088', '0.7620267868041992', 0, 0),
	('45SDS159', '0', 0, 0),
	('45SHQ400', '0', 0, 0),
	('45TES710', '27.09764575958252', 0, 0),
	('45TFJ836', '269.85452507023', 0, 0),
	('45TOR146', '238.59171344526112', 0, 0),
	('45TSM297', '0', 0, 0),
	('45UAD231', '76.16829052940011', 0, 0),
	('45UAW337', '29.22627282142639', 0, 0),
	('45UFV478', '194.174870967865', 0, 0),
	('45UJM306', '0', 0, 0),
	('45USV125', '187.0940406023292', 0, 0),
	('45UXV809', '0', 0, 0),
	('45VCR681', '117.31341457366943', 0, 0),
	('45VMK252', '815.9901298880577', 0, 0),
	('45VMQ024', '0', 0, 0),
	('45VRY279', '0', 0, 0),
	('45WHC558', '992.9922185111791', 0, 0),
	('45WKJ691', '7.801314353942871', 0, 0),
	('45WUZ107', '606.0980083006434', 0, 0),
	('45XZZ695', '2939.8761267869268', 0, 0),
	('45YLM499', '114.67311477661133', 0, 0),
	('45YRP591', '7.207026405609213', 0, 0),
	('45YTT167', '84.92573061095027', 0, 0),
	('45YVC905', '1265.7582944259048', 0, 0),
	('45ZGH659', '1.740642786026001', 0, 0),
	('46AHR777', '0', 0, 0),
	('46ATB535', '198.9494058242999', 0, 0),
	('46ATU675', '0', 0, 0),
	('46AXS531', '0', 0, 0),
	('46BRB974', '0', 0, 0),
	('46CBX091', '0', 0, 0),
	('46CDJ073', '674.8062662458979', 0, 0),
	('46CEV959', '1098.7800636261672', 0, 0),
	('46CEZ768', '0', 0, 0),
	('46CLT246', '7.580476760864258', 0, 0),
	('46COZ589', '407.3492819070816', 0, 0),
	('46DDK634', '0', 0, 0),
	('46EIC259', '835.8256926894537', 0, 0),
	('46EIV842', '178.40190505981445', 0, 0),
	('46EPP377', '0', 0, 0),
	('46EZR592', '244.10470832698047', 0, 0),
	('46FLW613', '0', 0, 0),
	('46FQA849', '3.006957769393921', 0, 0),
	('46FWX192', '1931.8138670921326', 0, 0),
	('46GQY247', '234.68189603090286', 0, 0),
	('46IGO647', '0', 0, 0),
	('46IOU270', '605.7731646671891', 0, 0),
	('46IUA776', '115.26434278488159', 0, 0),
	('46JKG856', '420.4770212173462', 0, 0),
	('46JMQ702', '0', 0, 0),
	('46KDJ244', '2.1718063354492188', 0, 0),
	('46LEG569', '515.3923181146383', 0, 0),
	('46LNT702', '0', 0, 0),
	('46LXJ219', '207.44244623184204', 0, 0),
	('46MGR114', '394.99965801415965', 0, 0),
	('46MJV814', '0', 0, 0),
	('46NBO356', '1480.8954780101776', 0, 0),
	('46NEB758', '0', 0, 0),
	('46NFK102', '164.04278945922852', 0, 0),
	('46NVO857', '0', 0, 0),
	('46ONX216', '0', 0, 0),
	('46OXE946', '82.32797050476074', 0, 0),
	('46PAC408', '73.25338935852051', 0, 0),
	('46PJO404', '112.96239216803224', 0, 0),
	('46PVR325', '11.049002289772034', 0, 0),
	('46RHF825', '319.98228693008423', 0, 0),
	('46SCD878', '474.77451047091745', 0, 0),
	('46SHH363', '199.5463628214784', 0, 0),
	('46TBI673', '0', 0, 0),
	('46TEN158', '0', 0, 0),
	('46TLP866', '0', 0, 0),
	('46TND654', '0', 0, 0),
	('46TPF953', '485.53762313723564', 0, 0),
	('46UGD367', '1785.5871949569555', 0, 0),
	('46UHU881', '0', 0, 0),
	('46UHX296', '91.92148458957672', 0, 0),
	('46UTF710', '0', 0, 0),
	('46VAU284', '2161.552784482017', 0, 0),
	('46VFQ514', '0', 0, 0),
	('46VJF928', '71.12090357393026', 0, 0),
	('46VSO862', '0', 0, 0),
	('46WBC265', '19.370234072208405', 0, 0),
	('46WEA188', '127.80265161395073', 0, 0),
	('46WED963', '1786.7474383376539', 0, 0),
	('46WNJ467', '1.3546700477600098', 0, 0),
	('46XHD899', '1630.6678258031607', 0, 0),
	('46XRE024', '2061.008323907852', 0, 0),
	('46YBI613', '0', 0, 0),
	('46YCD864', '0', 0, 0),
	('46YZT926', '134.94679832458496', 0, 0),
	('46YZW731', '62.783881068229675', 0, 0),
	('46ZBL418', '0', 0, 0),
	('46ZLJ093', '209.70254755020142', 0, 0),
	('46ZNU640', '7.746079921722412', 0, 0),
	('46ZOO579', '0', 0, 0),
	('46ZUR991', '0', 0, 0),
	('47ADS390', '304.84030866622925', 0, 0),
	('47AKS708', '25.746806740760803', 0, 0),
	('47AMI897', '321.23871854360914', 0, 0),
	('47AXQ355', '342.05087292031385', 0, 0),
	('47BFI500', '1033.5666856726748', 0, 0),
	('47BGC439', '0', 0, 0),
	('47BSJ651', '24.453292065532878', 0, 0),
	('47BSN595', '0', 0, 0),
	('47CEW467', '2533.7145499605685', 0, 0),
	('47COA041', '0', 0, 0),
	('47DXD704', '202.27171696629375', 0, 0),
	('47GAR159', '23.40261569088034', 0, 0),
	('47GNR712', '81.98330676555634', 0, 0),
	('47GNU078', '0', 0, 0),
	('47GPE116', '793.4186632057244', 0, 0),
	('47GRK968', '681.8055887520313', 0, 0),
	('47ICB597', '1102.9871919773286', 0, 0),
	('47IEQ282', '0', 0, 0),
	('47IMP716', '394.79617607593536', 0, 0),
	('47JPV149', '212.81220030784607', 0, 0),
	('47JRW440', '0.2508779149502516', 0, 0),
	('47KML931', '0', 0, 0),
	('47KQB243', '602.3540000915527', 0, 0),
	('47KQH353', '0.03125371038913727', 0, 0),
	('47LBV663', '0', 0, 0),
	('47MCY591', '135.47844648361206', 0, 0),
	('47MPH162', '1551.3434156683506', 0, 0),
	('47MXN128', '397.13948483380955', 0, 0),
	('47MZA502', '35.140323638916016', 0, 0),
	('47MZF317', '0', 0, 0),
	('47NID496', '0', 0, 0),
	('47NJV384', '0', 0, 0),
	('47NSL880', '0', 0, 0),
	('47NYL825', '0', 0, 0),
	('47OLI107', '0', 0, 0),
	('47OQD088', '0', 0, 0),
	('47PDW033', '236.10047805309296', 0, 0),
	('47QBB232', '0', 0, 0),
	('47QKO575', '0', 0, 0),
	('47QZG775', '300.00767867374816', 0, 0),
	('47QZL569', '0', 0, 0),
	('47RDJ043', '0', 0, 0),
	('47RHG165', '0', 0, 0),
	('47RLT589', '615.6929679461755', 0, 0),
	('47RRH392', '6.410852432250977', 0, 0),
	('47RRW681', '0', 0, 0),
	('47RXE642', '0', 0, 0),
	('47SMR841', '1088.5587524980947', 0, 0),
	('47SOJ030', '336.86856760038063', 0, 0),
	('47SPE245', '23.399683952331543', 0, 0),
	('47TMB585', '0', 0, 0),
	('47TWW513', '0', 0, 0),
	('47UDY622', '0', 0, 0),
	('47UNU949', '0', 0, 0),
	('47UOP845', '0', 0, 0),
	('47UQB072', '0', 0, 0),
	('47UUU246', '0', 0, 0),
	('47VMD526', '0', 0, 0),
	('47VQE787', '0', 0, 0),
	('47WFR110', '0', 0, 0),
	('47XDK407', '0', 0, 0),
	('47XEW925', '0', 0, 0),
	('47XUX505', '980.9247829914093', 0, 0),
	('47YXH521', '14.684803206473589', 0, 0),
	('47YYC379', '1073.3613538742065', 0, 0),
	('47ZCV195', '336.8843936920166', 0, 0),
	('47ZPV448', '9.585143625736237', 0, 0),
	('47ZVD619', '130.98793933913112', 0, 0),
	('47ZXL154', '0', 0, 0),
	('48AAP324', '717.7719276556745', 0, 0),
	('48ANV144', '0', 0, 0),
	('48BGX837', '0', 0, 0),
	('48BPH482', '2037.5762032619677', 0, 0),
	('48CIN385', '1671.710542615503', 0, 0),
	('48DEW353', '47.18680191040039', 0, 0),
	('48DOS083', '49.1893724501133', 0, 0),
	('48GBB944', '0', 0, 0),
	('48GXQ494', '2.1868197917938232', 0, 0),
	('48HAO954', '174.35452565550804', 0, 0),
	('48HWB559', '423.3183697015047', 0, 0),
	('48IDY334', '0', 0, 0),
	('48IRP061', '15.602264404296875', 0, 0),
	('48IYI321', '209.5094861611724', 0, 0),
	('48JMJ035', '3.2291200160980225', 0, 0),
	('48JTJ353', '33.86993432044983', 0, 0),
	('48JXC379', '6.768264734884724', 0, 0),
	('48KIB490', '279.6725259922532', 0, 0),
	('48KZJ020', '0', 0, 0),
	('48LRA223', '0', 0, 0),
	('48LZM835', '0', 0, 0),
	('48MMU216', '0', 0, 0),
	('48MNK744', '325.5533695220947', 0, 0),
	('48MNR403', '0', 0, 0),
	('48MRH690', '27.198785066604614', 0, 0),
	('48OBN195', '0', 0, 0),
	('48ONG592', '0', 0, 0),
	('48OUX613', '0', 0, 0),
	('48OZG844', '0', 0, 0),
	('48PGF500', '1.7955207796767354', 0, 0),
	('48PLU950', '0', 0, 0),
	('48PMG891', '0', 0, 0),
	('48PTA318', '0', 0, 0),
	('48PYN723', '0', 0, 0),
	('48QKI364', '420.19036229141057', 0, 0),
	('48QVN160', '199.37014119885862', 0, 0),
	('48RBY378', '2784.245276018977', 0, 0),
	('48SYG912', '0', 0, 0),
	('48THT414', '0', 0, 0),
	('48TJW980', '0', 0, 0),
	('48TPV210', '2755.314747765893', 0, 0),
	('48TPY025', '913.8924885317683', 0, 0),
	('48TSA344', '6.902103900909424', 0, 0),
	('48TTU133', '7.346245288848877', 0, 0),
	('48UIE578', '0.002760624047368765', 0, 0),
	('48UKQ470', '0', 0, 0),
	('48ULJ501', '8.551383018493652', 0, 0),
	('48URI854', '72.18255466222763', 0, 0),
	('48VCK653', '1040.1032013799995', 0, 0),
	('48VFJ576', '70.83164685964584', 0, 0),
	('48VMD093', '0', 0, 0),
	('48VQW819', '3679.287272768561', 0, 0),
	('48VZB615', '1385.1200256347656', 0, 0),
	('48WCJ382', '218.1736924983561', 0, 0),
	('48WSL962', '0', 0, 0),
	('48WTG157', '0', 0, 0),
	('48WUW875', '540.0964913227363', 0, 0),
	('48WXC108', '60.44898319244385', 0, 0),
	('48WYO064', '0.0009947805665433407', 0, 0),
	('48XIV590', '6.788407206535339', 0, 0),
	('48XKI245', '0', 0, 0),
	('48XKX589', '0', 0, 0),
	('48XNM973', '0', 0, 0),
	('48YGJ218', '0', 0, 0),
	('48YGO977', '247.8572006225586', 0, 0),
	('48YHY395', '304.1050796508789', 0, 0),
	('48ZWV037', '823.1327341292053', 0, 0),
	('48ZYA503', '0', 0, 0),
	('49ACF648', '433.2507448196411', 0, 0),
	('49AGV852', '424.6075018644333', 0, 0),
	('49AKM218', '750.0566689968109', 0, 0),
	('49AKR011', '0', 0, 0),
	('49ATW903', '2513.3547976017', 0, 0),
	('49BCI343', '1598.239855647087', 0, 0),
	('49BCZ878', '707.7463852374058', 0, 0),
	('49BDO158', '119.84917879104614', 0, 0),
	('49BDR724', '883.9813868366182', 0, 0),
	('49BOE767', '0', 0, 0),
	('49CRC580', '251.6941556930542', 0, 0),
	('49CSO466', '0', 0, 0),
	('49CTA187', '162.32469487190247', 0, 0),
	('49CVF620', '0', 0, 0),
	('49DEU166', '0', 0, 0),
	('49EAJ692', '0', 0, 0),
	('49ENG230', '0', 0, 0),
	('49ESP633', '31.126779100392014', 0, 0),
	('49EZN462', '0', 0, 0),
	('49FMU218', '0', 0, 0),
	('49FRJ709', '0', 0, 0),
	('49FYX136', '0', 0, 0),
	('49GKG086', '0', 0, 0),
	('49GTV081', '1116.8792773485184', 0, 0),
	('49HII370', '0', 0, 0),
	('49HKD431', '274.8416437506676', 0, 0),
	('49HPH622', '449.0590806007385', 0, 0),
	('49HSA886', '300.16137275099754', 0, 0),
	('49HTP165', '32.40954987009172', 0, 0),
	('49IBN767', '814.0425891743216', 0, 0),
	('49IFG041', '0', 0, 0),
	('49IIN175', '249.50257713650353', 0, 0),
	('49IQQ476', '0', 0, 0),
	('49JNE454', '0', 0, 0),
	('49KFV620', '114.05010003084317', 0, 0),
	('49LBH415', '164.6122566461563', 0, 0),
	('49LHH241', '0', 0, 0),
	('49LHJ540', '0', 0, 0),
	('49LRB565', '102.58264374732971', 0, 0),
	('49MDL782', '0', 0, 0),
	('49OEU595', '0', 0, 0),
	('49OSG424', '190.45053669810295', 0, 0),
	('49PDZ300', '121.01533222198486', 0, 0),
	('49PEO682', '24.999464347958565', 0, 0),
	('49POM740', '410.4931197017431', 0, 0),
	('49RAK096', '998.3017238378525', 0, 0),
	('49RFU037', '814.0664825551212', 0, 0),
	('49ROZ823', '22.479297637939453', 0, 0),
	('49SWZ445', '3280.17523225106', 0, 0),
	('49THN414', '0', 0, 0),
	('49TOK534', '544.711663864553', 0, 0),
	('49TZU092', '936.4772273302078', 0, 0),
	('49TZX707', '126.5777398943901', 0, 0),
	('49UBH846', '0', 0, 0),
	('49UBK520', '506.53279507160187', 0, 0),
	('49WEV736', '116.29078722000122', 0, 0),
	('49WPK296', '58.38813495635986', 0, 0),
	('49XHB479', '0', 0, 0),
	('49XJC460', '9.20391529580229', 0, 0),
	('49XJL507', '0', 0, 0),
	('49XXA244', '201.02651654789224', 0, 0),
	('49YNB969', '5192.405840575695', 0, 0),
	('49YVE222', '5.11273467540741', 0, 0),
	('49YVW012', '111.20528097823262', 0, 0),
	('49ZCT896', '126.72263872623444', 0, 0),
	('49ZFB541', '0', 0, 0),
	('49ZGL551', '365.15409224655014', 0, 0),
	('49ZIH675', '27.53899621963501', 0, 0),
	('49ZNE664', '0', 0, 0),
	('49ZPY715', '109.84465938876383', 0, 0),
	('60ABJ233', '987.4381083286135', 0, 0),
	('60ALG407', '0', 0, 0),
	('60ASB456', '65.92399617284536', 0, 0),
	('60AUN338', '8.201871991157532', 0, 0),
	('60AYY686', '0', 0, 0),
	('60BCD723', '0', 0, 0),
	('60BMG060', '0', 0, 0),
	('60CSH804', '0', 0, 0),
	('60CVI021', '0', 0, 0),
	('60DHT594', '329.52880096435547', 0, 0),
	('60DKG141', '250.6089996099472', 0, 0),
	('60DRS717', '754.8416368002436', 0, 0),
	('60DRV522', '0', 0, 0),
	('60DSM609', '13.86323356628418', 0, 0),
	('60DYM664', '263.55915762484074', 0, 0),
	('60ENG702', '0', 0, 0),
	('60FGK256', '1686.4937692370731', 0, 0),
	('60FMJ507', '0', 0, 0),
	('60FNN530', '633.3016854301095', 0, 0),
	('60GBH416', '0', 0, 0),
	('60GJU856', '0', 0, 0),
	('60GUQ374', '0', 0, 0),
	('60INC596', '0', 0, 0),
	('60JFQ469', '0', 0, 0),
	('60JKU398', '607.0316773750819', 0, 0),
	('60KNF943', '0', 0, 0),
	('60KVT482', '0', 0, 0),
	('60MDO429', '720.5167909562588', 0, 0),
	('60MEG218', '134.48493099212646', 0, 0),
	('60MHI713', '0', 0, 0),
	('60MIF561', '403.31442261021584', 0, 0),
	('60MKJ520', '0', 0, 0),
	('60MTS362', '0', 0, 0),
	('60OER895', '0', 0, 0),
	('60OKD565', '536.1003310978413', 0, 0),
	('60OLP844', '0.0036835037171840668', 0, 0),
	('60OXX559', '333.2406547218561', 0, 0),
	('60PDD068', '25.179405367933214', 0, 0),
	('60PLM441', '513.9466761862859', 0, 0),
	('60PNW467', '0', 0, 0),
	('60PUW874', '2714.4398753165733', 0, 0),
	('60PUY175', '0', 0, 0),
	('60QMG931', '484.4163991957903', 0, 0),
	('60QWG154', '0', 0, 0),
	('60QYV343', '437.44738117977977', 0, 0),
	('60QZP492', '0', 0, 0),
	('60RBW904', '0', 0, 0),
	('60RTQ503', '0', 0, 0),
	('60RXJ720', '265.4890299513936', 0, 0),
	('60SBZ819', '0', 0, 0),
	('60SSB185', '2.9193583726882935', 0, 0),
	('60SSY011', '376.5126379877329', 0, 0),
	('60STS241', '0', 0, 0),
	('60TEK027', '0', 0, 0),
	('60TLE363', '2687.911279002088', 0, 0),
	('60TVZ884', '0', 0, 0),
	('60TYH524', '1543.95644257994', 0, 0),
	('60UQU024', '54.66562626766972', 0, 0),
	('60UYE459', '0', 0, 0),
	('60VAQ201', '0', 0, 0),
	('60VCJ929', '89.31520986557007', 0, 0),
	('60VKS426', '0', 0, 0),
	('60WQL066', '0', 0, 0),
	('60WUW316', '0', 0, 0),
	('60WVN440', '111.12166786193848', 0, 0),
	('60WXE168', '0', 0, 0),
	('60XAF729', '0', 0, 0),
	('60XLV226', '0', 0, 0),
	('60XUC428', '63.476036071777344', 0, 0),
	('60XXH963', '452.8983631134033', 0, 0),
	('60YKD834', '0', 0, 0),
	('60YKY031', '0', 0, 0),
	('60YTI936', '5.352093577384949', 0, 0),
	('60YTO087', '814.6650975644588', 0, 0),
	('60YVC089', '3260.417243003845', 0, 0),
	('60YWU310', '167.13526344299316', 0, 0),
	('60ZIA866', '8.758719205856323', 0, 0),
	('60ZII145', '96.06107676029205', 0, 0),
	('60ZLH519', '93.14117455482483', 0, 0),
	('60ZOG434', '0', 0, 0),
	('60ZPU713', '2104.751650929451', 0, 0),
	('60ZVX025', '44.002074241638184', 0, 0),
	('61AAW063', '0', 0, 0),
	('61AFY545', '0', 0, 0),
	('61BQQ321', '1493.7770537426695', 0, 0),
	('61BRT189', '733.2458361387253', 0, 0),
	('61CFI260', '0', 0, 0),
	('61CLL581', '0', 0, 0),
	('61DNZ204', '253.16507744789124', 0, 0),
	('61ECR362', '0', 0, 0),
	('61EFW541', '0', 0, 0),
	('61EJO592', '0', 0, 0),
	('61FVU459', '215.13942524790764', 0, 0),
	('61GOA662', '0', 0, 0),
	('61GQO444', '562.9785126596689', 0, 0),
	('61GSW780', '590.9741314254352', 0, 0),
	('61IYJ659', '0', 0, 0),
	('61JGF717', '682.9590953588486', 0, 0),
	('61KFW136', '0', 0, 0),
	('61KRP741', '824.0985538959503', 0, 0),
	('61KSP704', '0', 0, 0),
	('61LVY716', '0', 0, 0),
	('61LZQ568', '0', 0, 0),
	('61MKH177', '541.7684697061777', 0, 0),
	('61NCG581', '158.2157506942749', 0, 0),
	('61NDM585', '0', 0, 0),
	('61NMB071', '0', 0, 0),
	('61NPB466', '1563.1050950288773', 0, 0),
	('61OET503', '0', 0, 0),
	('61OHO160', '137.7662258807104', 0, 0),
	('61OOF202', '81.81425476074219', 0, 0),
	('61OUM672', '906.0742307305336', 0, 0),
	('61PKV793', '204.75901275873184', 0, 0),
	('61QJA807', '0', 0, 0),
	('61RFN955', '508.7175579071045', 0, 0),
	('61RHD609', '92.56094446685165', 0, 0),
	('61RIR168', '0', 0, 0),
	('61RIU973', '425.0938572883606', 0, 0),
	('61SDO428', '1458.95641980879', 0, 0),
	('61SLY691', '0', 0, 0),
	('61UHO217', '1004.5261758863926', 0, 0),
	('61UID341', '0', 0, 0),
	('61VUM202', '835.3724811663851', 0, 0),
	('61WBU470', '0', 0, 0),
	('61WLV695', '0.0086138267070055', 0, 0),
	('61WPJ541', '389.4074317216873', 0, 0),
	('61WWH869', '0', 0, 0),
	('61WXV140', '807.4984027741011', 0, 0),
	('61XEY003', '0', 0, 0),
	('61XNI780', '1224.805887389928', 0, 0),
	('61XXB753', '0', 0, 0),
	('61YDH890', '0', 0, 0),
	('61YZO846', '1090.5444116294384', 0, 0),
	('61ZDM794', '0', 0, 0),
	('61ZMS083', '425.15417873859406', 0, 0),
	('62AHJ641', '2079.9796970897587', 0, 0),
	('62AIX902', '59.78621256351471', 0, 0),
	('62AWV387', '824.0758913755417', 0, 0),
	('62CBM390', '0', 0, 0),
	('62CCJ695', '0.000031456798751605675', 0, 0),
	('62CDV875', '348.82727247537696', 0, 0),
	('62CJY177', '93.3737360239029', 0, 0),
	('62CVN048', '1480.1957118936116', 0, 0),
	('62CYI672', '121.37303531169891', 0, 0),
	('62DXB190', '0', 0, 0),
	('62EIV926', '1586.5829237978905', 0, 0),
	('62EKY272', '0', 0, 0),
	('62EXY824', '456.28124046325684', 0, 0),
	('62FCK032', '0', 0, 0),
	('62FCN109', '250.5445837287698', 0, 0),
	('62FCS103', '0', 0, 0),
	('62FFW237', '360.7844395665452', 0, 0),
	('62FGK955', '0', 0, 0),
	('62FZT836', '782.3291034698486', 0, 0),
	('62HQN757', '0', 0, 0),
	('62HWY387', '0', 0, 0),
	('62HZW481', '2870.687945306301', 0, 0),
	('62IFI697', '110.31558068096638', 0, 0),
	('62ILH740', '915.5886192918988', 0, 0),
	('62IPY104', '0', 0, 0),
	('62JUP049', '94.36048984527588', 0, 0),
	('62JXW383', '13.786473914631642', 0, 0),
	('62KAZ649', '0', 0, 0),
	('62KSR522', '471.1635003153933', 0, 0),
	('62LBU206', '0', 0, 0),
	('62LFM901', '538.0296653875266', 0, 0),
	('62LMO510', '0', 0, 0),
	('62LSR822', '0', 0, 0),
	('62LVV955', '0', 0, 0),
	('62MLO957', '6999.936794213019', 0, 0),
	('62MLU238', '44.17989158630371', 0, 0),
	('62MNI000', '1064.5812540054321', 0, 0),
	('62MZC391', '2398.708402097225', 0, 0),
	('62MZX643', '440.54352629184723', 0, 0),
	('62NCX204', '2574.881069794181', 0, 0),
	('62OVG061', '1.2523363754153252', 0, 0),
	('62PXQ841', '1797.7272099256516', 0, 0),
	('62QAV484', '1736.9471247644979', 0, 0),
	('62QGS716', '112.64581205154536', 0, 0),
	('62QPM175', '0', 0, 0),
	('62RCM261', '0', 0, 0),
	('62REB371', '0', 0, 0),
	('62RLR766', '0', 0, 0),
	('62RYW957', '5.006138430908322', 0, 0),
	('62SKK882', '71.8151324391365', 0, 0),
	('62SMO061', '0', 0, 0),
	('62SUV429', '1687.8959388397634', 0, 0),
	('62SZT815', '0', 0, 0),
	('62TDN970', '286.4002047506583', 0, 0),
	('62TPW899', '0', 0, 0),
	('62UBJ603', '0', 0, 0),
	('62UCW846', '3851.0953158724587', 0, 0),
	('62UOM056', '0', 0, 0),
	('62UPX266', '0', 0, 0),
	('62UUM473', '25.262420177459717', 0, 0),
	('62VHM468', '0', 0, 0),
	('62VJJ316', '0', 0, 0),
	('62WWA483', '0', 0, 0),
	('62XKC677', '4.330658435821533', 0, 0),
	('62XKE511', '71.61415033554658', 0, 0),
	('62XNI449', '0', 0, 0),
	('62YIV730', '275.81608763709664', 0, 0),
	('62ZPS624', '444.6068987697363', 0, 0),
	('62ZUA269', '1463.1882874430157', 0, 0),
	('62ZVD997', '0', 0, 0),
	('62ZZR309', '553.3814040357247', 0, 0),
	('63AEC517', '0', 0, 0),
	('63BEZ941', '0', 0, 0),
	('63BPT565', '0', 0, 0),
	('63BRL317', '313.8174934722483', 0, 0),
	('63BSZ699', '2179.029984354973', 0, 0),
	('63BWT444', '2974.7496611747483', 0, 0),
	('63BWW849', '246.7420633509755', 0, 0),
	('63BXF604', '301.02900308626704', 0, 0),
	('63BZZ757', '0', 0, 0),
	('63CMS702', '388.61441310541704', 0, 0),
	('63CPC741', '25.43088722229004', 0, 0),
	('63DBP645', '592.7050037384033', 0, 0),
	('63DFI821', '774.4940632308135', 0, 0),
	('63DMC346', '431.8015263369889', 0, 0),
	('63DUX722', '0', 0, 0),
	('63DVN510', '0', 0, 0),
	('63EAX219', '0', 0, 0),
	('63EER473', '63.40834441035986', 0, 0),
	('63EQK859', '0', 0, 0),
	('63FMJ714', '340.6167170916451', 0, 0),
	('63FMR195', '670.3174786986783', 0, 0),
	('63FSP482', '1086.8012498766184', 0, 0),
	('63FSX693', '712.183696269989', 0, 0),
	('63GGS445', '0', 0, 0),
	('63GIA616', '3.6867504119873047', 0, 0),
	('63GOD718', '0', 0, 0),
	('63GRD103', '0', 0, 0),
	('63HJY978', '0', 0, 0),
	('63HPV129', '0', 0, 0),
	('63HZV652', '373.12620474770665', 0, 0),
	('63HZX743', '123.79994508030359', 0, 0),
	('63IAM177', '0', 0, 0),
	('63IIB673', '30.318840980529785', 0, 0),
	('63ISD206', '353.8654237985611', 0, 0),
	('63ITP926', '0', 0, 0),
	('63IVE034', '1481.8065617764369', 0, 0),
	('63JNB371', '14.805111825466156', 0, 0),
	('63JSD645', '0', 0, 0),
	('63JUP587', '4.537909150123596', 0, 0),
	('63JUV696', '0', 0, 0),
	('63KKT605', '246.3056916166097', 0, 0),
	('63LAY852', '6.459628582000732', 0, 0),
	('63LCN537', '0', 0, 0),
	('63LDE185', '0', 0, 0),
	('63LIN834', '0', 0, 0),
	('63LJE120', '0', 0, 0),
	('63LRW589', '127.62961192987859', 0, 0),
	('63MVN941', '0', 0, 0),
	('63MYW058', '1113.5271402605867', 0, 0),
	('63NAM418', '0', 0, 0),
	('63NGR839', '0', 0, 0),
	('63NJW063', '3.0218034759163857', 0, 0),
	('63OWQ949', '379.5988330245018', 0, 0),
	('63PDR602', '417.0842166170478', 0, 0),
	('63QHS538', '0', 0, 0),
	('63QWF377', '150.78597966063535', 0, 0),
	('63RIK020', '0', 0, 0),
	('63RUX383', '0', 0, 0),
	('63SFO331', '9.854817390441895', 0, 0),
	('63SLR663', '7750.055267116579', 0, 0),
	('63SMO519', '2.1171875544823706', 0, 0),
	('63SMR925', '0', 0, 0),
	('63UFD429', '245.70790813863277', 0, 0),
	('63UMP756', '800.500283301546', 0, 0),
	('63URD974', '1469.2836968116462', 0, 0),
	('63USV763', '0', 0, 0),
	('63UVB897', '0.07169772125780582', 0, 0),
	('63VHP701', '2562.4304595291615', 0, 0),
	('63VNM951', '0', 0, 0),
	('63VNS023', '0', 0, 0),
	('63VNV439', '165.64398315548897', 0, 0),
	('63WFL355', '39.711965940892696', 0, 0),
	('63WZI233', '0', 0, 0),
	('63XUY624', '623.4552578595467', 0, 0),
	('63XXZ454', '98.45423409342766', 0, 0),
	('63YGH596', '1011.3069653401617', 0, 0),
	('63YJN388', '0', 0, 0),
	('63ZNV260', '1940.4903245270252', 0, 0),
	('64AMS463', '235.42607879638672', 0, 0),
	('64ARD773', '222.33982025494333', 0, 0),
	('64ARG478', '0', 0, 0),
	('64ARI332', '0', 0, 0),
	('64ASS197', '569.1458425829187', 0, 0),
	('64BNJ889', '156.69455179572105', 0, 0),
	('64BXO981', '713.0681254565716', 0, 0),
	('64CAQ719', '1311.7963359504938', 0, 0),
	('64CCW087', '187.2433100193739', 0, 0),
	('64CFG126', '0', 0, 0),
	('64CJB244', '0', 0, 0),
	('64CMG029', '0', 0, 0),
	('64CWR686', '0', 0, 0),
	('64EEM931', '0', 0, 0),
	('64EGC020', '180.8537015914917', 0, 0),
	('64EIK291', '0', 0, 0),
	('64EKR332', '242.2505580559373', 0, 0),
	('64ENT162', '0', 0, 0),
	('64ENY465', '0', 0, 0),
	('64FAW312', '1781.2239141464233', 0, 0),
	('64FDF451', '0', 0, 0),
	('64FHV642', '0', 0, 0),
	('64FME185', '0', 0, 0),
	('64FPH002', '0', 0, 0),
	('64FRZ856', '11.136329650878906', 0, 0),
	('64GBT617', '0', 0, 0),
	('64GOZ475', '726.8896523946933', 0, 0),
	('64HJW635', '524.4758787155151', 0, 0),
	('64HMS604', '198.82304924027994', 0, 0),
	('64HNP999', '420.4259908690583', 0, 0),
	('64IHZ156', '0', 0, 0),
	('64IID490', '0', 0, 0),
	('64IMV409', '0', 0, 0),
	('64IZV054', '0', 0, 0),
	('64JBP346', '95.01653228403302', 0, 0),
	('64JCC826', '47.02491652965546', 0, 0),
	('64JFF556', '550.1063041687012', 0, 0),
	('64JJA687', '0', 0, 0),
	('64JJR669', '731.5420359373093', 0, 0),
	('64JWU029', '761.3583751769911', 0, 0),
	('64KEI259', '979.9210916757584', 0, 0),
	('64KON331', '96.06168270111084', 0, 0),
	('64LCQ145', '1.2843619878403842', 0, 0),
	('64LJD944', '0', 0, 0),
	('64NAE207', '0', 0, 0),
	('64NHD550', '60.45216131210327', 0, 0),
	('64NMX095', '0', 0, 0),
	('64NQJ054', '0', 0, 0),
	('64NQL918', '1277.6089320207248', 0, 0),
	('64OIX971', '8.158387184143066', 0, 0),
	('64OPT506', '574.891654253006', 0, 0),
	('64OSV336', '1167.3981289863586', 0, 0),
	('64OTJ615', '0', 0, 0),
	('64QFY925', '0', 0, 0),
	('64THW580', '1011.5029608011246', 0, 0),
	('64THZ385', '73.90790721774101', 0, 0),
	('64TNE746', '186.5939176082611', 0, 0),
	('64UCR740', '1469.515627521614', 0, 0),
	('64UIT877', '0', 0, 0),
	('64VEF883', '135.74187681172043', 0, 0),
	('64VMS704', '0', 0, 0),
	('64VOI811', '0', 0, 0),
	('64VTQ882', '333.8306007140782', 0, 0),
	('64VVW238', '0', 0, 0),
	('64WPH052', '0', 0, 0),
	('64WXL786', '0', 0, 0),
	('64XBQ484', '386.1569673642516', 0, 0),
	('64XBT289', '91.07119011878967', 0, 0),
	('64XCF764', '0', 0, 0),
	('64XHQ430', '127.2970075920457', 0, 0),
	('64XIN525', '150.95129566360265', 0, 0),
	('64XLP353', '0', 0, 0),
	('64YER045', '0', 0, 0),
	('64YQL127', '1172.84904012084', 0, 0),
	('64ZAD361', '0', 0, 0),
	('64ZDX555', '104.12063701078296', 0, 0),
	('64ZGG692', '348.5247286722879', 0, 0),
	('64ZTG039', '0', 0, 0),
	('64ZXS152', '687.6301248073578', 0, 0),
	('64ZYX211', '0', 0, 0),
	('65AGZ725', '0', 0, 0),
	('65AJI761', '1245.7419182131998', 0, 0),
	('65AYS257', '583.4768464335939', 0, 0),
	('65AYV322', '0', 0, 0),
	('65AYY127', '377.9640134572983', 0, 0),
	('65BFV811', '0', 0, 0),
	('65BUF843', '0', 0, 0),
	('65CAQ051', '0', 0, 0),
	('65DKJ562', '0', 0, 0),
	('65EKT840', '954.8420045045787', 0, 0),
	('65EKW655', '1159.0435910224915', 0, 0),
	('65EOJ050', '0', 0, 0),
	('65EVA171', '0', 0, 0),
	('65FIR938', '452.51645216345787', 0, 0),
	('65FJL968', '1616.9340060357354', 0, 0),
	('65FQG816', '1070.6715855002403', 0, 0),
	('65FRS536', '0', 0, 0),
	('65FTB465', '833.5519967675209', 0, 0),
	('65FTW734', '0.5723958015441895', 0, 0),
	('65FWI941', '0', 0, 0),
	('65GEB459', '4.489715851843357', 0, 0),
	('65GKG850', '476.3743600829039', 0, 0),
	('65GLS591', '2.975843906402588', 0, 0),
	('65HEE264', '18.03473472595215', 0, 0),
	('65HKD515', '26.148433923721313', 0, 0),
	('65HLV304', '207.70143669843674', 0, 0),
	('65IJR472', '17.009490966796875', 0, 0),
	('65JRH615', '532.174274802208', 0, 0),
	('65JTM083', '0', 0, 0),
	('65KFB591', '132.12048530578613', 0, 0),
	('65KME877', '0', 0, 0),
	('65KOH222', '0', 0, 0),
	('65LGE567', '51.3851312994957', 0, 0),
	('65LJC482', '1773.279308795929', 0, 0),
	('65MLV547', '334.71278748335317', 0, 0),
	('65MTW133', '361.01778358593583', 0, 0),
	('65NEU973', '683.9627076056786', 0, 0),
	('65NOW108', '14.558268547058105', 0, 0),
	('65NOZ504', '140.13607274740934', 0, 0),
	('65NTF611', '0', 0, 0),
	('65PBC966', '0', 0, 0),
	('65PYB703', '0', 0, 0),
	('65QMC018', '0', 0, 0),
	('65QNQ037', '0', 0, 0),
	('65QXJ347', '0', 0, 0),
	('65RAT627', '135.66068267822266', 0, 0),
	('65RJF361', '0', 0, 0),
	('65RRL840', '289.48359405994415', 0, 0),
	('65RVG981', '3183.063882435672', 0, 0),
	('65SBR199', '1274.988802433014', 0, 0),
	('65SKD623', '248.26916877226904', 0, 0),
	('65TAW093', '0', 0, 0),
	('65TDD326', '11.041435241699219', 0, 0),
	('65TLM709', '0', 0, 0),
	('65TUW497', '0', 0, 0),
	('65UJO534', '119.64703369268682', 0, 0),
	('65UPR636', '743.2711250782013', 0, 0),
	('65UVT253', '0', 0, 0),
	('65VEM206', '621.2047553025186', 0, 0),
	('65VFB320', '128.80766987800598', 0, 0),
	('65VFY925', '0', 0, 0),
	('65VLB386', '329.0551052093506', 0, 0),
	('65VMK593', '6.4551451177103445', 0, 0),
	('65VRJ844', '472.12084329128265', 0, 0),
	('65WLY970', '0.8912582993507385', 0, 0),
	('65WNU083', '0', 0, 0),
	('65WXJ333', '3689.860978871351', 0, 0),
	('65XAN956', '0', 0, 0),
	('65XPX449', '0', 0, 0),
	('65XWX767', '1820.7767529338598', 0, 0),
	('65YCE651', '205.72242757678032', 0, 0),
	('65YKU609', '1265.943970274995', 0, 0),
	('65YMY075', '5974.525718152698', 0, 0),
	('65YOT732', '0', 0, 0),
	('65YRS906', '1124.1516536142735', 0, 0),
	('65YSH488', '0', 0, 0),
	('65ZOK898', '0', 0, 0),
	('65ZWP781', '0', 0, 0),
	('66AWJ919', '0', 0, 0),
	('66AXP298', '0', 0, 0),
	('66AXX957', '1927.54494895041', 0, 0),
	('66AZE775', '511.88596658874303', 0, 0),
	('66BIP175', '82.23180961608887', 0, 0),
	('66CAL412', '0', 0, 0),
	('66DQR078', '1258.8604888916016', 0, 0),
	('66DSH287', '0', 0, 0),
	('66DUC348', '339.8445436655893', 0, 0),
	('66ELH880', '0', 0, 0),
	('66FDU420', '0', 0, 0),
	('66FDV597', '75.65191459655762', 0, 0),
	('66FGH835', '0', 0, 0),
	('66FHT343', '0', 0, 0),
	('66GFN343', '0', 0, 0),
	('66HEY595', '0', 0, 0),
	('66HHY990', '0', 0, 0),
	('66HRY948', '0', 0, 0),
	('66HSK424', '0', 0, 0),
	('66IGL349', '650.4562495712453', 0, 0),
	('66IQG512', '0', 0, 0),
	('66JIA824', '0', 0, 0),
	('66KLZ350', '1664.0567053762352', 0, 0),
	('66KSB958', '0', 0, 0),
	('66KYY208', '483.1381158363074', 0, 0),
	('66MRU306', '829.1064649559557', 0, 0),
	('66NKZ892', '0', 0, 0),
	('66NTI428', '0', 0, 0),
	('66NUU967', '316.95715951919556', 0, 0),
	('66NYV180', '0', 0, 0),
	('66ODJ407', '185.39184761047363', 0, 0),
	('66OOW640', '2347.667614841368', 0, 0),
	('66PLF798', '19.618067267350852', 0, 0),
	('66PRE040', '787.7096072477289', 0, 0),
	('66PRK111', '2142.6350576281548', 0, 0),
	('66QEH401', '370.31468963623047', 0, 0),
	('66QLB248', '246.10181617736816', 0, 0),
	('66SEN572', '0', 0, 0),
	('66SKE452', '127.54351380109438', 0, 0),
	('66UFS214', '2.2755677700042725', 0, 0),
	('66UJI324', '246.2039359807968', 0, 0),
	('66UMI728', '0', 0, 0),
	('66UZT984', '0', 0, 0),
	('66VAC494', '6.826421456076787', 0, 0),
	('66VHF068', '839.4134818371385', 0, 0),
	('66VQE229', '0', 0, 0),
	('66VSQ221', '0', 0, 0),
	('66VWB579', '98.29287147521973', 0, 0),
	('66WFY487', '1.276226282119751', 0, 0),
	('66WLZ489', '608.5953903198242', 0, 0),
	('66WPD670', '0', 0, 0),
	('66WRJ749', '0', 0, 0),
	('66WUD842', '346.0238642692566', 0, 0),
	('66WVX634', '670.7829030752182', 0, 0),
	('66XGW728', '0', 0, 0),
	('66XHL000', '0', 0, 0),
	('66YVG852', '1664.649109297432', 0, 0),
	('66YXT865', '0', 0, 0),
	('66ZFR478', '477.3995268344879', 0, 0),
	('66ZRV902', '0', 0, 0),
	('66ZZH908', '126.95766735076904', 0, 0),
	('67AEQ157', '1340.8890302554646', 0, 0),
	('67BIL267', '0', 0, 0),
	('67BIY550', '0', 0, 0),
	('67BJG462', '4.490127325057983', 0, 0),
	('67BSO067', '0', 0, 0),
	('67BTI087', '0', 0, 0),
	('67BUY905', '0', 0, 0),
	('67CQE028', '0', 0, 0),
	('67CUG559', '0', 0, 0),
	('67DGR419', '382.2314404249191', 0, 0),
	('67EHM076', '0', 0, 0),
	('67EJO375', '302.2894878387451', 0, 0),
	('67EYZ275', '0', 0, 0),
	('67FBL402', '0', 0, 0),
	('67FQE517', '1969.7235202789307', 0, 0),
	('67FUM152', '744.7703886032104', 0, 0),
	('67FUR967', '0', 0, 0),
	('67HCM111', '123.75202241563238', 0, 0),
	('67HDK234', '0', 0, 0),
	('67HHA233', '593.2366553709144', 0, 0),
	('67HRA477', '0', 0, 0),
	('67HVU520', '1262.0611040131407', 0, 0),
	('67IBS621', '196.87649184465408', 0, 0),
	('67IDM772', '70.34370994567871', 0, 0),
	('67ITL894', '586.8576932549477', 0, 0),
	('67JPS774', '499.2439777413383', 0, 0),
	('67JQK769', '793.6259726136923', 0, 0),
	('67JQN826', '0', 0, 0),
	('67KLH029', '14.452908635139465', 0, 0),
	('67KRN487', '0', 0, 0),
	('67LCB907', '1395.0095299798995', 0, 0),
	('67LXN164', '254.91129863262177', 0, 0),
	('67MDT081', '86.4976863861084', 0, 0),
	('67MJY789', '0', 0, 0),
	('67MPK568', '0', 0, 0),
	('67MSO296', '52.163556836079806', 0, 0),
	('67MVE392', '456.7163166999817', 0, 0),
	('67MWB600', '0', 0, 0),
	('67MZI713', '19.501352741113806', 0, 0),
	('67NDH200', '338.45682265944197', 0, 0),
	('67NLS271', '642.6137124930538', 0, 0),
	('67OAB516', '418.41413402557373', 0, 0),
	('67OCN710', '2171.2473055886803', 0, 0),
	('67ODE805', '136.58434867858887', 0, 0),
	('67ODH500', '618.4001562865451', 0, 0),
	('67OWI349', '0', 0, 0),
	('67OYR678', '16.3702392578125', 0, 0),
	('67PIY223', '0', 0, 0),
	('67PVY776', '227.24610209465027', 0, 0),
	('67QQT936', '648.4237451553345', 0, 0),
	('67QSR633', '346.31176590919495', 0, 0),
	('67QUG110', '0', 0, 0),
	('67RDW186', '0', 0, 0),
	('67RNM893', '1.240458607673645', 0, 0),
	('67RPG946', '282.3484211519535', 0, 0),
	('67RRE891', '1438.209428301081', 0, 0),
	('67RWC841', '146.1000747680664', 0, 0),
	('67SJD062', '725.4291333635338', 0, 0),
	('67TBP045', '0', 0, 0),
	('67VEZ296', '11.660803988575935', 0, 0),
	('67VFU182', '0', 0, 0),
	('67VLZ583', '2.8740723037626594', 0, 0),
	('67VPP793', '138.53414590889588', 0, 0),
	('67WUH316', '0', 0, 0),
	('67WVU491', '2.6766796112060547', 0, 0),
	('67WWV229', '18.675201952457428', 0, 0),
	('67YBS450', '936.6567632071092', 0, 0),
	('67ZIA556', '0', 0, 0),
	('67ZRI992', '15.045531749725342', 0, 0),
	('68BGD947', '1600.4679186344147', 0, 0),
	('68BMA298', '0', 0, 0),
	('68BPH321', '0', 0, 0),
	('68BPP692', '0', 0, 0),
	('68CFJ455', '0', 0, 0),
	('68CGL719', '0', 0, 0),
	('68CKD435', '181.57504824144416', 0, 0),
	('68EHM518', '291.35296138376', 0, 0),
	('68ETQ062', '4.710720833390951', 0, 0),
	('68FAY639', '244.10746017098427', 0, 0),
	('68FBE910', '450.0112819300848', 0, 0),
	('68FWE476', '24.35013771057129', 0, 0),
	('68GCB005', '0', 0, 0),
	('68GWY604', '0', 0, 0),
	('68GXO230', '0', 0, 0),
	('68HOV443', '244.17979764938354', 0, 0),
	('68HSO496', '0', 0, 0),
	('68IEZ001', '100.71668252907693', 0, 0),
	('68IIH565', '7.261927843093872', 0, 0),
	('68IKW252', '226.29267432261258', 0, 0),
	('68ILR683', '4097.699045384768', 0, 0),
	('68ITM758', '0', 0, 0),
	('68JAE881', '348.1005856168922', 0, 0),
	('68JWT533', '0', 0, 0),
	('68KFP558', '406.58069341475493', 0, 0),
	('68LBA837', '0', 0, 0),
	('68LHH209', '172.6331238746643', 0, 0),
	('68MGS656', '490.002268082666', 0, 0),
	('68MNS953', '296.99082946777344', 0, 0),
	('68NHS219', '1780.3844757154584', 0, 0),
	('68NPF038', '496.62120665749535', 0, 0),
	('68NYI582', '262.03541827201843', 0, 0),
	('68OAV305', '838.778285741806', 0, 0),
	('68OBS600', '304.85849874003907', 0, 0),
	('68OKD864', '588.5366945266724', 0, 0),
	('68OUT370', '302.4786670282483', 0, 0),
	('68OUX673', '8.401834487915039', 0, 0),
	('68OZJ240', '1224.2733122706413', 0, 0),
	('68POG192', '0', 0, 0),
	('68PWN860', '0', 0, 0),
	('68QGG513', '0', 0, 0),
	('68QKK503', '150.82719230651855', 0, 0),
	('68QOD787', '0', 0, 0),
	('68RJQ013', '617.7852554308483', 0, 0),
	('68RMY855', '0', 0, 0),
	('68RUM732', '54.24878454208374', 0, 0),
	('68RVH599', '206.857783350104', 0, 0),
	('68RVT802', '0', 0, 0),
	('68RWE705', '0', 0, 0),
	('68SJB496', '0', 0, 0),
	('68SPE596', '0', 0, 0),
	('68SPE797', '82.0343658151105', 0, 0),
	('68TIK189', '19.776227831840515', 0, 0),
	('68TZZ694', '337.79408632486593', 0, 0),
	('68UDZ338', '124.83418494462967', 0, 0),
	('68UKR712', '1209.7612814391323', 0, 0),
	('68UWN003', '996.793074131012', 0, 0),
	('68UWP192', '35.297430992126465', 0, 0),
	('68VDZ577', '874.9903654903173', 0, 0),
	('68VFR787', '99.18144226074219', 0, 0),
	('68VVW475', '0', 0, 0),
	('68WUJ824', '159.7457601125352', 0, 0),
	('68XDQ957', '0', 0, 0),
	('68XKE294', '0', 0, 0),
	('68YZX837', '47.31836014986038', 0, 0),
	('68ZRN809', '35.67903709411621', 0, 0),
	('68ZSD390', '0', 0, 0),
	('69ADU929', '0', 0, 0),
	('69AXP508', '85.34733784198761', 0, 0),
	('69BCK781', '177.6590919494629', 0, 0),
	('69BOK977', '673.9784917831421', 0, 0),
	('69BPI030', '0', 0, 0),
	('69BVQ246', '0', 0, 0),
	('69BWZ970', '621.4235124588013', 0, 0),
	('69COW719', '0', 0, 0),
	('69DIN625', '0', 0, 0),
	('69ETN732', '451.2713105008006', 0, 0),
	('69EZP801', '0', 0, 0),
	('69FKO608', '245.22754522011383', 0, 0),
	('69FOH804', '0', 0, 0),
	('69FQX658', '1445.0585534449783', 0, 0),
	('69GDX463', '330.1350383758545', 0, 0),
	('69GEO390', '0', 0, 0),
	('69HXJ299', '2052.3456001328304', 0, 0),
	('69IBT978', '24.94276987889316', 0, 0),
	('69JWL323', '106.7895023226738', 0, 0),
	('69JZP320', '0', 0, 0),
	('69KFY823', '202.53734498727135', 0, 0),
	('69KPQ631', '142.5971657037735', 0, 0),
	('69KYG687', '0', 0, 0),
	('69LAS420', '0', 0, 0),
	('69LIY696', '650.2332849502563', 0, 0),
	('69LLG673', '0.002138000723789446', 0, 0),
	('69LPA625', '0', 0, 0),
	('69LZP464', '0', 0, 0),
	('69MDO987', '0', 0, 0),
	('69MJT588', '0', 0, 0),
	('69NBW073', '0.8440747857093811', 0, 0),
	('69NFH341', '103.58660834655166', 0, 0),
	('69NIN654', '0', 0, 0),
	('69NLH730', '97.70197608118178', 0, 0),
	('69NPB881', '288.74153316020966', 0, 0),
	('69NQU143', '182.5344951748848', 0, 0),
	('69NSL820', '846.5914211571217', 0, 0),
	('69ORO635', '0', 0, 0),
	('69PFP347', '113.51120853424072', 0, 0),
	('69PVZ843', '0', 0, 0),
	('69PWK317', '0.004711507819592953', 0, 0),
	('69QQO334', '1226.8137691915035', 0, 0),
	('69QUC546', '862.6980610630708', 0, 0),
	('69QWK796', '294.4211032153107', 0, 0),
	('69RUM290', '298.2406229879707', 0, 0),
	('69TCT661', '91.631272315979', 0, 0),
	('69TDL451', '110.13773504307028', 0, 0),
	('69TSA895', '237.43480396270752', 0, 0),
	('69TWO200', '0', 0, 0),
	('69UAQ739', '161.6023441106081', 0, 0),
	('69UBN936', '0', 0, 0),
	('69USY952', '0', 0, 0),
	('69VJC735', '0', 0, 0),
	('69VWF188', '0', 0, 0),
	('69WAJ783', '0', 0, 0),
	('69WED947', '18.442617416381836', 0, 0),
	('69WZG916', '170.71463882923126', 0, 0),
	('69XAM488', '0', 0, 0),
	('69XBT559', '138.1883029937744', 0, 0),
	('69XGR889', '0', 0, 0),
	('69YFB062', '536.2447180747986', 0, 0),
	('69YFE765', '399.4596855309792', 0, 0),
	('69ZBP596', '732.3310064077377', 0, 0),
	('69ZFB409', '296.2499316595495', 0, 0),
	('69ZHK427', '315.70854502916336', 0, 0),
	('69ZYG458', '174.0860047340393', 0, 0),
	('80AQU414', '69.86460590362549', 0, 0),
	('80AZK462', '2079.6670103386277', 0, 0),
	('80BLR674', '170.5801237107953', 0, 0),
	('80BVX278', '0', 0, 0),
	('80CPO186', '31.239883422851562', 0, 0),
	('80CYX831', '133.58791820704937', 0, 0),
	('80DOU694', '0', 0, 0),
	('80EDM752', '1793.075756213395', 0, 0),
	('80EJU793', '115.01968252658844', 0, 0),
	('80EKU121', '0', 0, 0),
	('80ELB238', '715.5185554623604', 0, 0),
	('80EMV188', '616.1921763801074', 0, 0),
	('80FAS030', '0', 0, 0),
	('80FFY575', '0', 0, 0),
	('80GAV835', '3076.7131674035336', 0, 0),
	('80GKP159', '1211.6229052841663', 0, 0),
	('80GQS251', '206.89335441589355', 0, 0),
	('80GUS513', '334.0573303103447', 0, 0),
	('80GZB906', '14.784794583916664', 0, 0),
	('80HCL286', '0', 0, 0),
	('80HWC951', '0', 0, 0),
	('80IXG426', '3046.014562721597', 0, 0),
	('80IYT677', '487.8891373388469', 0, 0),
	('80JVZ955', '0', 0, 0),
	('80KCP798', '818.8492630980909', 0, 0),
	('80KPW082', '9.841176748275757', 0, 0),
	('80KQL076', '606.7541884183884', 0, 0),
	('80LLT663', '143.6435511112213', 0, 0),
	('80LNN714', '0', 0, 0),
	('80MAQ506', '0', 0, 0),
	('80MFC182', '48.32798099517822', 0, 0),
	('80MJX731', '1806.370940140303', 0, 0),
	('80NUR837', '612.5844731936231', 0, 0),
	('80NUW340', '7.1658772230148315', 0, 0),
	('80NXX940', '414.05390453338623', 0, 0),
	('80ORO176', '455.5272531793453', 0, 0),
	('80OZN300', '528.8050254357513', 0, 0),
	('80PIU699', '221.92310667037964', 0, 0),
	('80PJD544', '388.95385587215424', 0, 0),
	('80PMR545', '866.7490741610527', 0, 0),
	('80PQX090', '0', 0, 0),
	('80PZQ105', '0', 0, 0),
	('80QAI595', '75.7061505317688', 0, 0),
	('80QBU671', '0', 0, 0),
	('80QEA704', '6010.491371884942', 0, 0),
	('80QYB452', '0', 0, 0),
	('80RFA365', '161.89195442199707', 0, 0),
	('80RNQ750', '289.3505325317383', 0, 0),
	('80RQP885', '0', 0, 0),
	('80RRD165', '0', 0, 0),
	('80RTN003', '0', 0, 0),
	('80SDS475', '0', 0, 0),
	('80SFK548', '50.23966121673584', 0, 0),
	('80SJP725', '0', 0, 0),
	('80SKV059', '1506.1806341409683', 0, 0),
	('80SQR313', '0', 0, 0),
	('80UAY072', '1031.6517329737544', 0, 0),
	('80VVT212', '0', 0, 0),
	('80WHI542', '258.49745869636536', 0, 0),
	('80WNQ349', '302.85602605342865', 0, 0),
	('80XFW240', '0', 0, 0),
	('80XWO805', '0', 0, 0),
	('80XZW205', '482.798077280866', 0, 0),
	('80YCW866', '0', 0, 0),
	('80YIX078', '0', 0, 0),
	('80YWX726', '0', 0, 0),
	('80YZQ733', '199.5592098236084', 0, 0),
	('80YZT448', '0', 0, 0),
	('80YZV574', '0', 0, 0),
	('80ZON685', '410.62336714658886', 0, 0),
	('80ZVZ254', '985.94141277991', 0, 0),
	('81ATZ850', '32.16950514912605', 0, 0),
	('81AUO149', '109.74663613922894', 0, 0),
	('81BME368', '1233.6231726109982', 0, 0),
	('81BQS550', '251.99472627416253', 0, 0),
	('81CET274', '0', 0, 0),
	('81DFZ947', '0', 0, 0),
	('81DRT289', '61.192049503326416', 0, 0),
	('81DSZ392', '0', 0, 0),
	('81DYT676', '0', 0, 0),
	('81EMO429', '54.58699131011963', 0, 0),
	('81ESB030', '696.9602419842267', 0, 0),
	('81FOA262', '0', 0, 0),
	('81FOI433', '1404.1760271936655', 0, 0),
	('81GAX344', '0', 0, 0),
	('81GBL361', '1676.33095246421', 0, 0),
	('81GPC923', '1375.6715859277174', 0, 0),
	('81GWV025', '0', 0, 0),
	('81HRQ285', '1637.201802288182', 0, 0),
	('81HYK500', '0', 0, 0),
	('81INH463', '36.773668170237215', 0, 0),
	('81IOU696', '0', 0, 0),
	('81IVG262', '0', 0, 0),
	('81JFQ721', '620.0189844369888', 0, 0),
	('81JIV964', '580.9919737754826', 0, 0),
	('81JUZ480', '0', 0, 0),
	('81JWG035', '0', 0, 0),
	('81JZN629', '679.8257307717577', 0, 0),
	('81LEG885', '0', 0, 0),
	('81LOI272', '8.097618103027344', 0, 0),
	('81LUG927', '816.6751170158386', 0, 0),
	('81MFZ542', '155.66524874977767', 0, 0),
	('81MQN885', '1490.421814918518', 0, 0),
	('81MQQ590', '71.02798557281494', 0, 0),
	('81MZY330', '0', 0, 0),
	('81NBO991', '37.219746589660645', 0, 0),
	('81NEQ808', '0', 0, 0),
	('81NEY809', '0', 0, 0),
	('81NFK548', '0', 0, 0),
	('81OBO338', '108.54445695877075', 0, 0),
	('81OEQ037', '0', 0, 0),
	('81OLE834', '0', 0, 0),
	('81PAZ787', '368.0085589289665', 0, 0),
	('81PPP042', '227.1010599405563', 0, 0),
	('81QIU530', '48.45129781961441', 0, 0),
	('81QMQ658', '0', 0, 0),
	('81QOX696', '253.76099487385363', 0, 0),
	('81QTF231', '2064.090889664367', 0, 0),
	('81RAL590', '39.743220604927046', 0, 0),
	('81RKZ963', '2366.610053611337', 0, 0),
	('81ROC491', '159.99118754267693', 0, 0),
	('81SCF415', '0', 0, 0),
	('81SCX344', '0', 0, 0),
	('81VAU819', '1108.6351930201054', 0, 0),
	('81VDD947', '0', 0, 0),
	('81VZN737', '0', 0, 0),
	('81WVS774', '1.2603555917739868', 0, 0),
	('81XND370', '652.1259386241436', 0, 0),
	('81XPX423', '840.5336363464594', 0, 0),
	('81YIY530', '0', 0, 0),
	('81YMY555', '1411.6838017629925', 0, 0),
	('81YQG008', '0', 0, 0),
	('81YZU056', '0', 0, 0),
	('82AAA719', '0', 0, 0),
	('82ALF515', '2419.0910128355026', 0, 0),
	('82AXN315', '818.4972186684608', 0, 0),
	('82BPD291', '0.0024935686960816383', 0, 0),
	('82CCG880', '0', 0, 0),
	('82CFO632', '11.433013338595629', 0, 0),
	('82CIG387', '593.1944090723991', 0, 0),
	('82CLQ328', '2598.938249953906', 0, 0),
	('82CRW356', '0', 0, 0),
	('82DGL588', '3993.60079828219', 0, 0),
	('82DHX664', '0', 0, 0),
	('82DUA322', '4449.452440949593', 0, 0),
	('82EBL533', '4581.75930223614', 0, 0),
	('82ETO388', '1542.7934268265963', 0, 0),
	('82EZO675', '0', 0, 0),
	('82FEE447', '145.74434053897858', 0, 0),
	('82FUO941', '469.5730047374964', 0, 0),
	('82FVB121', '0', 0, 0),
	('82GCB089', '0', 0, 0),
	('82GQQ150', '44.028631436580326', 0, 0),
	('82GUL575', '0', 0, 0),
	('82GXN403', '0', 0, 0),
	('82HGR730', '189.1593442291487', 0, 0),
	('82HPH247', '0', 0, 0),
	('82HPW660', '800.3219438544475', 0, 0),
	('82IIE374', '580.8232662193477', 0, 0),
	('82JOU156', '0', 0, 0),
	('82JQK800', '2450.149958318274', 0, 0),
	('82JUV158', '0', 0, 0),
	('82KIZ207', '0', 0, 0),
	('82KJP397', '0', 0, 0),
	('82KPM348', '331.57297707814723', 0, 0),
	('82LBY555', '0', 0, 0),
	('82LDN260', '0', 0, 0),
	('82LFW411', '617.362512588501', 0, 0),
	('82LIA644', '1.1768376231193542', 0, 0),
	('82LOA062', '4.573215007781982', 0, 0),
	('82LVX294', '1082.7417932152748', 0, 0),
	('82NCD414', '1262.5594410896301', 0, 0),
	('82OFG035', '0', 0, 0),
	('82OKT462', '698.4217710718513', 0, 0),
	('82OND209', '0', 0, 0),
	('82PGD981', '339.57254153490067', 0, 0),
	('82PHU437', '7.0796661376953125', 0, 0),
	('82PNV439', '364.1131356060505', 0, 0),
	('82QWG606', '0', 0, 0),
	('82RVS083', '0.024104524636641145', 0, 0),
	('82SJQ992', '121.48926162719727', 0, 0),
	('82SKK123', '472.99306635931134', 0, 0),
	('82SKN287', '669.3620274066925', 0, 0),
	('82SMU171', '0', 0, 0),
	('82SQP222', '0', 0, 0),
	('82SXJ062', '710.6624517440796', 0, 0),
	('82TBJ324', '0', 0, 0),
	('82TBO109', '427.6206102371216', 0, 0),
	('82TIB908', '32.015768656507134', 0, 0),
	('82TIY502', '1733.6515428250423', 0, 0),
	('82TZR251', '748.2097144008148', 0, 0),
	('82UOM114', '1554.8704288178124', 0, 0),
	('82UOR582', '0', 0, 0),
	('82UTX387', '0', 0, 0),
	('82UWC620', '0', 0, 0),
	('82UXQ430', '0', 0, 0),
	('82UXY640', '534.5670683979988', 0, 0),
	('82UYK771', '0', 0, 0),
	('82VPH018', '0', 0, 0),
	('82VST880', '643.4721754416823', 0, 0),
	('82VWB353', '525.1794277429581', 0, 0),
	('82VXT145', '0', 0, 0),
	('82WVP511', '450.03680950403214', 0, 0),
	('82YAD982', '0', 0, 0),
	('82ZEK128', '0', 0, 0),
	('82ZLF176', '0', 0, 0),
	('82ZSU998', '382.7433617115021', 0, 0),
	('82ZTO047', '0', 0, 0),
	('83AYF104', '140.13666699167516', 0, 0),
	('83BXQ778', '0', 0, 0),
	('83CGX811', '16.607905665645376', 0, 0),
	('83CIH859', '0', 0, 0),
	('83CQT966', '4.562621116638184', 0, 0),
	('83DBN302', '674.6157398223877', 0, 0),
	('83EIE643', '139.36247470742092', 0, 0),
	('83ETB230', '0', 0, 0),
	('83ETI179', '0', 0, 0),
	('83FIV478', '739.33084172495', 0, 0),
	('83FJN207', '359.824236869812', 0, 0),
	('83FOY570', '8.682937383651733', 0, 0),
	('83FPQ309', '0', 0, 0),
	('83GOG134', '0', 0, 0),
	('83GXQ019', '624.3744326592423', 0, 0),
	('83HQT227', '21.983773432672024', 0, 0),
	('83IMX738', '0', 0, 0),
	('83INB861', '632.0259534344368', 0, 0),
	('83IPZ917', '811.0180792845786', 0, 0),
	('83IRT088', '202.03595671523362', 0, 0),
	('83ISD245', '923.3329373672605', 0, 0),
	('83JNG676', '767.7916918997653', 0, 0),
	('83JNV090', '97.12210920453072', 0, 0),
	('83KAE661', '1104.1766651286744', 0, 0),
	('83KZJ466', '28.07768303155899', 0, 0),
	('83KZL309', '1022.5970927301096', 0, 0),
	('83LMP166', '0', 0, 0),
	('83MVV350', '536.1814415454865', 0, 0),
	('83NAP813', '104.89633703231812', 0, 0),
	('83NGR879', '0', 0, 0),
	('83NQN656', '131.8602010011673', 0, 0),
	('83OCE756', '0', 0, 0),
	('83OXC283', '125.6913897395134', 0, 0),
	('83PAC844', '1877.0240594271054', 0, 0),
	('83PXW710', '417.10169315338135', 0, 0),
	('83QOQ538', '1451.8582171255257', 0, 0),
	('83RFL198', '909.9250220913673', 0, 0),
	('83RLU069', '176.82137423753738', 0, 0),
	('83SEU549', '1799.3365118409274', 0, 0),
	('83TZU514', '0', 0, 0),
	('83UKQ896', '0', 0, 0),
	('83UOB146', '171.41653567552567', 0, 0),
	('83UVE202', '0', 0, 0),
	('83VGV811', '231.03763341903687', 0, 0),
	('83VWZ766', '817.5299482060364', 0, 0),
	('83VXW951', '7.87962418794632', 0, 0),
	('83WIJ753', '1152.0912035356741', 0, 0),
	('83WOT098', '0', 0, 0),
	('83WTG472', '0', 0, 0),
	('83WZG438', '0', 0, 0),
	('83XLO238', '709.9613437596709', 0, 0),
	('83XUA983', '3.1291205590823665', 0, 0),
	('83YAE432', '0', 0, 0),
	('83YGK992', '6.297959903022274', 0, 0),
	('83ZZM042', '275.76379215717316', 0, 0),
	('84ACW127', '1486.203375518322', 0, 0),
	('84ADT903', '2.083683729171753', 0, 0),
	('84AEG963', '0', 0, 0),
	('84AIT377', '10.332650171825662', 0, 0),
	('84ALX005', '0', 0, 0),
	('84ARF802', '170.877087213099', 0, 0),
	('84BXQ010', '34.59412525035441', 0, 0),
	('84CPG705', '860.7386960983276', 0, 0),
	('84CWZ895', '0', 0, 0),
	('84EEW240', '1.7685539722442627', 0, 0),
	('84EHY058', '516.0667302422808', 0, 0),
	('84EVU524', '0', 0, 0),
	('84EXA805', '0', 0, 0),
	('84FXG375', '0.23727048933506012', 0, 0),
	('84FZR480', '18.070321511710063', 0, 0),
	('84GRA860', '754.7497479915619', 0, 0),
	('84GUH973', '0', 0, 0),
	('84GVQ057', '0', 0, 0),
	('84HFJ772', '0', 0, 0),
	('84HXH534', '0', 0, 0),
	('84IFA315', '0', 0, 0),
	('84IOI641', '0', 0, 0),
	('84JTH340', '369.532931804657', 0, 0),
	('84JWI343', '0', 0, 0),
	('84KEQ469', '0', 0, 0),
	('84KFT945', '2.529857635498047', 0, 0),
	('84KVQ717', '0', 0, 0),
	('84KVV510', '0', 0, 0),
	('84KWK001', '168.03103828430176', 0, 0),
	('84MHY311', '281.7493609171361', 0, 0),
	('84MTQ898', '170.66502952575684', 0, 0),
	('84MUB762', '0', 0, 0),
	('84NHG955', '224.92730992339784', 0, 0),
	('84NXJ700', '35.54837095737457', 0, 0),
	('84OHT048', '0', 0, 0),
	('84OKR161', '36.67606163024902', 0, 0),
	('84POM065', '597.4667364358902', 0, 0),
	('84PSA277', '28.510107040405273', 0, 0),
	('84PXX229', '803.4812128022313', 0, 0),
	('84QEA021', '0', 0, 0),
	('84RLV675', '340.8469514846802', 0, 0),
	('84RQO856', '363.3269650042057', 0, 0),
	('84RRU928', '93.75613141059875', 0, 0),
	('84TFA644', '48.2117999792099', 0, 0),
	('84TFX949', '0', 0, 0),
	('84UCQ247', '0', 0, 0),
	('84UCT181', '0', 0, 0),
	('84USA531', '777.371889384347', 0, 0),
	('84UUN915', '512.4901795884361', 0, 0),
	('84UVA905', '0', 0, 0),
	('84VYI672', '31.217799071222544', 0, 0),
	('84WRL880', '1646.3423257133982', 0, 0),
	('84XDG421', '7.964014589088038', 0, 0),
	('84XQF370', '155.4429653340485', 0, 0),
	('84YQI617', '2215.352968569292', 0, 0),
	('84YTE606', '0.266719251871109', 0, 0),
	('84YXX658', '0', 0, 0),
	('84ZVT381', '5.555274963378906', 0, 0),
	('85AEA862', '926.4692461344821', 0, 0),
	('85ATN791', '358.1539316761773', 0, 0),
	('85AWQ629', '343.9115127623081', 0, 0),
	('85BAK304', '0', 0, 0),
	('85BJX547', '3308.8407932519913', 0, 0),
	('85BRG920', '171.58124256134033', 0, 0),
	('85CID057', '0', 0, 0),
	('85DAY022', '0', 0, 0),
	('85EOR260', '0', 0, 0),
	('85FFN305', '376.93054008483887', 0, 0),
	('85FJM400', '0', 0, 0),
	('85FTJ673', '545.649841427221', 0, 0),
	('85GIR213', '0', 0, 0),
	('85GIW872', '183.72825434803963', 0, 0),
	('85GQL311', '195.13671278953552', 0, 0),
	('85HTW968', '0', 0, 0),
	('85HWX596', '0', 0, 0),
	('85HXJ373', '0', 0, 0),
	('85IWU665', '741.5051832140889', 0, 0),
	('85JAU718', '591.9138661531033', 0, 0),
	('85JPG654', '926.4067175835371', 0, 0),
	('85JPZ616', '240.88328092056327', 0, 0),
	('85KCO612', '53.67006732523441', 0, 0),
	('85KMH280', '0', 0, 0),
	('85LRA649', '0', 0, 0),
	('85LYQ122', '1019.5633201599121', 0, 0),
	('85MTE344', '2912.7684068570925', 0, 0),
	('85NNN885', '305.11574483430013', 0, 0),
	('85NWS967', '0', 0, 0),
	('85ORS920', '684.8399585485458', 0, 0),
	('85OYJ514', '0', 0, 0),
	('85QFS678', '716.914057091577', 0, 0),
	('85QGH126', '136.1710640192032', 0, 0),
	('85QLV770', '0', 0, 0),
	('85QNR397', '0', 0, 0),
	('85QSH558', '0', 0, 0),
	('85RAY132', '172.33874320983887', 0, 0),
	('85RCO240', '0', 0, 0),
	('85RFH505', '175.96334266662598', 0, 0),
	('85RRY735', '173.27229830622673', 0, 0),
	('85SDM502', '1116.5796242084507', 0, 0),
	('85SSL440', '2510.799058560864', 0, 0),
	('85SUW097', '0', 0, 0),
	('85SVT392', '0', 0, 0),
	('85SXJ489', '0', 0, 0),
	('85SZE640', '0.720210611820221', 0, 0),
	('85SZQ543', '756.6454259523234', 0, 0),
	('85TFW182', '0', 0, 0),
	('85TPC811', '0', 0, 0),
	('85TTN182', '0', 0, 0),
	('85TWM284', '0', 0, 0),
	('85UFZ897', '679.1100134849548', 0, 0),
	('85VYE174', '318.7613787651062', 0, 0),
	('85WSC247', '540.8807388488203', 0, 0),
	('85XIG328', '0', 0, 0),
	('85XSH988', '0', 0, 0),
	('85XVD977', '0', 0, 0),
	('85XVK816', '1195.6509847640991', 0, 0),
	('85XYM300', '0', 0, 0),
	('85YKX015', '0', 0, 0),
	('85YQA117', '0', 0, 0),
	('85ZDG372', '0', 0, 0),
	('86ABA997', '1377.6000287681818', 0, 0),
	('86AXJ271', '0', 0, 0),
	('86BEK935', '0', 0, 0),
	('86BKM070', '0', 0, 0),
	('86DOL560', '0', 0, 0),
	('86DPA983', '8243.14056227394', 0, 0),
	('86DUO860', '0', 0, 0),
	('86EJJ423', '0', 0, 0),
	('86ELN779', '0', 0, 0),
	('86FTF286', '0', 0, 0),
	('86FWM885', '0', 0, 0),
	('86GQM820', '0', 0, 0),
	('86GXJ170', '0', 0, 0),
	('86HAN008', '1555.5341303808382', 0, 0),
	('86HKK234', '0', 0, 0),
	('86HLY251', '0', 0, 0),
	('86HTL392', '0', 0, 0),
	('86IBE143', '1080.3389366404735', 0, 0),
	('86IYH174', '0', 0, 0),
	('86IZB966', '0', 0, 0),
	('86JBO507', '0', 0, 0),
	('86JVL485', '777.9974608368357', 0, 0),
	('86JXS528', '900.940427249152', 0, 0),
	('86KEL665', '160.0653601884842', 0, 0),
	('86KKY783', '143.34110175818205', 0, 0),
	('86KOO893', '99.72494435310364', 0, 0),
	('86LDB892', '462.0001230239868', 0, 0),
	('86LFN286', '537.6865198290907', 0, 0),
	('86LJE293', '1245.9850578748155', 0, 0),
	('86LMH121', '510.93858276540413', 0, 0),
	('86MIR642', '0', 0, 0),
	('86MOR960', '0', 0, 0),
	('86MRB101', '175.41549944877625', 0, 0),
	('86NAC775', '244.15013110637665', 0, 0),
	('86NAK974', '0', 0, 0),
	('86NKC297', '0', 0, 0),
	('86NQE253', '0', 0, 0),
	('86NUC178', '418.08046877384186', 0, 0),
	('86NZT759', '323.790799906943', 0, 0),
	('86OWS365', '72.55828976631165', 0, 0),
	('86PEK806', '0', 0, 0),
	('86PHL390', '292.6349563598633', 0, 0),
	('86PUU190', '1367.923300076276', 0, 0),
	('86QWG943', '6212.4010717868805', 0, 0),
	('86RFN172', '1461.5382359027863', 0, 0),
	('86RMC313', '0', 0, 0),
	('86ROX070', '0', 0, 0),
	('86RVG243', '73.6054573059082', 0, 0),
	('86SIJ695', '738.5615304112434', 0, 0),
	('86SRV330', '0', 0, 0),
	('86SSN269', '0', 0, 0),
	('86TCX517', '362.04990584403276', 0, 0),
	('86TDB577', '0', 0, 0),
	('86TJJ396', '671.7387317940593', 0, 0),
	('86UCS553', '0', 0, 0),
	('86UEG535', '183.45584872364998', 0, 0),
	('86UNG827', '3.410656690597534', 0, 0),
	('86UXK018', '393.605066396296', 0, 0),
	('86VAL679', '0', 0, 0),
	('86VRE580', '0', 0, 0),
	('86VUO329', '2374.338230958201', 0, 0),
	('86XFK049', '35.188636779785156', 0, 0),
	('86XGR118', '358.21794670698', 0, 0),
	('86XII905', '866.5145637989044', 0, 0),
	('86XRZ931', '0', 0, 0),
	('86YBU549', '2.824511766433716', 0, 0),
	('86YDJ236', '141.13734817504883', 0, 0),
	('86YSI094', '0', 0, 0),
	('86YVL358', '0', 0, 0),
	('86YXQ260', '0', 0, 0),
	('86YYN455', '0', 0, 0),
	('86YZK313', '0', 0, 0),
	('86ZSN400', '2220.866041660309', 0, 0),
	('86ZWM323', '140.21838986873627', 0, 0),
	('87AOE068', '33.1122076716274', 0, 0),
	('87AWM885', '294.23320500552654', 0, 0),
	('87AZO713', '1877.2288195000874', 0, 0),
	('87BIS042', '0', 0, 0),
	('87BSU277', '631.1733828093857', 0, 0),
	('87CDK886', '618.4164512129719', 0, 0),
	('87CJP247', '0', 0, 0),
	('87CJY051', '0', 0, 0),
	('87CKH037', '0', 0, 0),
	('87CWB403', '0', 0, 0),
	('87DRW663', '0', 0, 0),
	('87DYN257', '436.92991349089425', 0, 0),
	('87EXY608', '0', 0, 0),
	('87FCK318', '0', 0, 0),
	('87FDC168', '66.85136032104492', 0, 0),
	('87FMO969', '0', 0, 0),
	('87GEW162', '552.105563993362', 0, 0),
	('87GNL164', '572.1309185773134', 0, 0),
	('87GOS235', '10.646455764770508', 0, 0),
	('87GVM752', '39.34717860817909', 0, 0),
	('87HBV688', '438.13299345970154', 0, 0),
	('87HJP575', '1121.3131843805313', 0, 0),
	('87HRF982', '260.0177848339081', 0, 0),
	('87HUA738', '944.8799102306366', 0, 0),
	('87IBV027', '1022.2729086875916', 0, 0),
	('87IUF543', '0', 0, 0),
	('87JFC263', '1237.95355014503', 0, 0),
	('87JFD530', '1183.494933128357', 0, 0),
	('87JGR819', '0', 0, 0),
	('87JNI931', '583.9829482682981', 0, 0),
	('87KHP351', '1118.8027998209', 0, 0),
	('87KSD524', '388.8177849739732', 0, 0),
	('87KUX677', '118.0212755203247', 0, 0),
	('87LBR415', '2220.1929866010323', 0, 0),
	('87LDW497', '95.5269521214068', 0, 0),
	('87LFQ540', '1651.2337639331818', 0, 0),
	('87LSG980', '0', 0, 0),
	('87MZJ724', '0', 0, 0),
	('87NJN938', '0', 0, 0),
	('87OCP858', '0', 0, 0),
	('87OXB742', '9.062272384762764', 0, 0),
	('87PPY879', '2.8327460289001465', 0, 0),
	('87PSB707', '422.6577275469899', 0, 0),
	('87PZW734', '0', 0, 0),
	('87QAR952', '0', 0, 0),
	('87QTU609', '88.98667502403259', 0, 0),
	('87RMC457', '0', 0, 0),
	('87RVO191', '0', 0, 0),
	('87SSF291', '17.257118463516235', 0, 0),
	('87SYI612', '0', 0, 0),
	('87SYN028', '167.94793605804443', 0, 0),
	('87TCP307', '209.1494426727295', 0, 0),
	('87TJI407', '0', 0, 0),
	('87TTI288', '0', 0, 0),
	('87TUC177', '0', 0, 0),
	('87UFR128', '22.5441837310791', 0, 0),
	('87UWM623', '0', 0, 0),
	('87VAO488', '1436.0402760717552', 0, 0),
	('87VHM785', '0', 0, 0),
	('87VIU889', '28.56661343574524', 0, 0),
	('87WBD601', '2.150283098220825', 0, 0),
	('87WCA769', '0', 0, 0),
	('87WDT811', '1809.8417511157386', 0, 0),
	('87WLF436', '773.0712718963623', 0, 0),
	('87XMC421', '0', 0, 0),
	('87XSA948', '98.9328580815345', 0, 0),
	('87YIG029', '2345.988057705137', 0, 0),
	('87ZJM890', '0.5519509315490723', 0, 0),
	('88AKW127', '1145.520100278547', 0, 0),
	('88BEZ437', '0', 0, 0),
	('88BRG258', '601.6129615306854', 0, 0),
	('88BYR769', '999.5268529951572', 0, 0),
	('88CRX424', '849.6139891527419', 0, 0),
	('88CUG019', '513.9417551606894', 0, 0),
	('88DGM956', '0', 0, 0),
	('88DMA320', '17.702306050807238', 0, 0),
	('88DQQ530', '0', 0, 0),
	('88DWT632', '121.74971883094986', 0, 0),
	('88DXL730', '160.97940480709076', 0, 0),
	('88EBP326', '0', 0, 0),
	('88EEM395', '0', 0, 0),
	('88EHP923', '0', 0, 0),
	('88EWC122', '42.62386226654053', 0, 0),
	('88FET254', '135.89101028442383', 0, 0),
	('88FZG840', '0', 0, 0),
	('88GDZ762', '1.3188117003301159', 0, 0),
	('88HFJ142', '0', 0, 0),
	('88HIS181', '0', 0, 0),
	('88HQN534', '0', 0, 0),
	('88IGJ903', '0', 0, 0),
	('88IJP037', '461.48728036880493', 0, 0),
	('88JNK449', '0', 0, 0),
	('88JQN377', '339.85295009613037', 0, 0),
	('88JVE557', '0', 0, 0),
	('88KIH709', '969.770341174677', 0, 0),
	('88LNS674', '0', 0, 0),
	('88LPC491', '1.2898120880126953', 0, 0),
	('88LWC542', '2553.1308680549846', 0, 0),
	('88MCI657', '215.2803573445417', 0, 0),
	('88MZL688', '0', 0, 0),
	('88NYT198', '0', 0, 0),
	('88OKF703', '1779.5848019174591', 0, 0),
	('88PCL814', '0', 0, 0),
	('88PFU593', '52.346978172659874', 0, 0),
	('88PGJ929', '0.5443136692047119', 0, 0),
	('88RJT418', '1942.9004759010859', 0, 0),
	('88RUG682', '104.53938210965134', 0, 0),
	('88SFG776', '1158.1296473890543', 0, 0),
	('88SHM847', '0', 0, 0),
	('88SMD906', '0', 0, 0),
	('88SOM835', '131.33897495269775', 0, 0),
	('88TGD961', '339.15582209825516', 0, 0),
	('88UIS150', '440.01222801208496', 0, 0),
	('88UNE505', '0', 0, 0),
	('88UTK196', '1721.7754462137818', 0, 0),
	('88UWK457', '96.80478065554053', 0, 0),
	('88VDC338', '0', 0, 0),
	('88WAK224', '0', 0, 0),
	('88WHK841', '0', 0, 0),
	('88XAK663', '0', 0, 0),
	('88YEN852', '29.27135676331818', 0, 0),
	('88YOT357', '369.479324221611', 0, 0),
	('88ZLI408', '0', 0, 0),
	('88ZOH526', '0', 0, 0),
	('88ZRT910', '0', 0, 0),
	('89ALV581', '0', 0, 0),
	('89ATJ828', '71.14423537254333', 0, 0),
	('89AVQ846', '25.901396091096103', 0, 0),
	('89BMG935', '17.170333862304688', 0, 0),
	('89BOV144', '797.863419353962', 0, 0),
	('89BOW319', '3.4509759917855263', 0, 0),
	('89CAN928', '0', 0, 0),
	('89CIN348', '66.42154754698277', 0, 0),
	('89DDQ796', '0', 0, 0),
	('89ECW206', '7.417398035526276', 0, 0),
	('89EDT052', '952.62793587544', 0, 0),
	('89EGB904', '0', 0, 0),
	('89EOI572', '0', 0, 0),
	('89EWN993', '271.5361785888672', 0, 0),
	('89FKU818', '0', 0, 0),
	('89FNO082', '1181.891863822937', 0, 0),
	('89GFR058', '2093.0555953733856', 0, 0),
	('89GUQ679', '509.82597732543945', 0, 0),
	('89HAA830', '0', 0, 0),
	('89HBO737', '0', 0, 0),
	('89HFL585', '176.78838300704956', 0, 0),
	('89HSR142', '229.37353086471558', 0, 0),
	('89IJO340', '281.4317853052635', 0, 0),
	('89ISM647', '14.602502018213272', 0, 0),
	('89IUY874', '118.6860134601593', 0, 0),
	('89IWL999', '733.6575008332729', 0, 0),
	('89JFX861', '1254.3673747256398', 0, 0),
	('89JJO589', '0', 0, 0),
	('89KFP099', '0', 0, 0),
	('89KFX200', '2246.1101732105017', 0, 0),
	('89KHS428', '0', 0, 0),
	('89KNP678', '0', 0, 0),
	('89KYG626', '0', 0, 0),
	('89LUJ057', '0', 0, 0),
	('89LZA631', '0', 0, 0),
	('89MCL286', '0', 0, 0),
	('89MQZ548', '0', 0, 0),
	('89MTX755', '1916.3882962101634', 0, 0),
	('89MUM732', '0', 0, 0),
	('89MZV273', '0', 0, 0),
	('89NOP102', '210.64681835938245', 0, 0),
	('89NOS915', '586.9299986362457', 0, 0),
	('89NOV481', '1170.0544720512698', 0, 0),
	('89NZH425', '17.507522761821747', 0, 0),
	('89OPO648', '1.133142113685608', 0, 0),
	('89PEG576', '463.0856399536133', 0, 0),
	('89PNQ911', '66.56316995620728', 0, 0),
	('89PUH051', '0', 0, 0),
	('89QEJ281', '127.83855483261868', 0, 0),
	('89QOE168', '1282.7616596221924', 0, 0),
	('89QYX140', '1790.9359878684627', 0, 0),
	('89RDW638', '30.77954176068306', 0, 0),
	('89RUN093', '0', 0, 0),
	('89SAN038', '0', 0, 0),
	('89SJY783', '3822.3929025430407', 0, 0),
	('89SNN686', '1782.7640184879856', 0, 0),
	('89SSJ936', '380.0768860881217', 0, 0),
	('89TII846', '664.8492744721007', 0, 0),
	('89TQA157', '0', 0, 0),
	('89TRR271', '0', 0, 0),
	('89UDF106', '298.5732305049896', 0, 0),
	('89URO514', '1373.2385075645288', 0, 0),
	('89USR832', '484.44646549224854', 0, 0),
	('89WGU295', '959.1799570458679', 0, 0),
	('89WNK600', '12.78060125745833', 0, 0),
	('89WNN405', '1601.686309461089', 0, 0),
	('89WQM518', '445.5078254342079', 0, 0),
	('89WQU518', '0', 0, 0),
	('89XBB768', '469.48303135856986', 0, 0),
	('89XKM911', '0', 0, 0),
	('89XQP213', '1620.553359314683', 0, 0),
	('89YBN053', '0', 0, 0),
	('89YMA854', '2.9281144379638135', 0, 0),
	('89YWP702', '389.49032909423113', 0, 0),
	('89ZGG468', '175.0981101691723', 0, 0),
	('ABC 718 ', '0', 0, 0),
	('ABL 020 ', '537.2096905953877', 0, 0),
	('AHF 278 ', '418.49796576518565', 0, 0),
	('AMA 578 ', '639.2898613882717', 0, 0),
	('ANT 325 ', '738.1033856868744', 0, 0),
	('APG 170 ', '1233.1883207438514', 0, 0),
	('ARQ 648 ', '171.10320460796356', 0, 0),
	('ASY 271 ', '1418.5376204424538', 0, 0),
	('AVW 184 ', '7.91735818698362', 0, 0),
	('AWV 619 ', '29.68974494934082', 0, 0),
	('BDX 006 ', '258.3818790912628', 0, 0),
	('BDZ 364 ', '3933.798243074678', 0, 0),
	('BIK 558 ', '196.1475684447214', 0, 0),
	('BIR 596 ', '1.007707118988037', 0, 0),
	('BJD 035 ', '1026.1251322273165', 0, 0),
	('BJY 874 ', '8.050143718719482', 0, 0),
	('BLF 575 ', '33.58425202127546', 0, 0),
	('BMD 762 ', '440.8834541286342', 0, 0),
	('BNN 240 ', '369.7803117541189', 0, 0),
	('BPA 587 ', '0.42465510015608743', 0, 0),
	('BQD 591 ', '74.64276385307312', 0, 0),
	('BQP 152 ', '0', 0, 0),
	('BSL 522 ', '19.245357513427734', 0, 0),
	('BSQ 421 ', '23.918421414651675', 0, 0),
	('BUS 314 ', '146.28523349761963', 0, 0),
	('BZY 001 ', '1.9059479236602783', 0, 0),
	('CCF 402 ', '2775.2321372582737', 0, 0),
	('CFG 636 ', '2.2559685558080673', 0, 0),
	('CGH 983 ', '1279.9997431323864', 0, 0),
	('CHZ 285 ', '1482.9922494888306', 0, 0),
	('CHZ 953 ', '590.1137478044257', 0, 0),
	('CIA 526 ', '50.1600923538208', 0, 0),
	('CIV 730 ', '32.812192677520216', 0, 0),
	('CJK 268 ', '83.25660102395341', 0, 0),
	('CJP 117 ', '2501.8010841424693', 0, 0),
	('CMR 133 ', '1.5730993747711182', 0, 0),
	('CPH 047 ', '26.288489639759064', 0, 0),
	('CSL 600 ', '0', 0, 0),
	('CTM 042 ', '268.8881493359804', 0, 0),
	('CTW 596 ', '479.5799445526209', 0, 0),
	('CWP 161 ', '1709.88396692276', 0, 0),
	('CXX 208 ', '139.8383436203003', 0, 0),
	('CYT 630 ', '7.759109258651733', 0, 0),
	('CZT 757 ', '0', 0, 0),
	('DBZ 349 ', '335.6437095403671', 0, 0),
	('DCT 649 ', '1081.0007297124248', 0, 0),
	('DDW 035 ', '69.46982049942017', 0, 0),
	('DEH 046 ', '202.1576486825943', 0, 0),
	('DGR 459 ', '391.56750106811523', 0, 0),
	('DHE 353 ', '1717.7912147838506', 0, 0),
	('DHZ 689 ', '478.70573190040886', 0, 0),
	('DKC 758 ', '1861.2769600925385', 0, 0),
	('DKN 529 ', '1705.8945293358993', 0, 0),
	('DMR 873 ', '68.69634366035461', 0, 0),
	('DNK 160 ', '287.573283534497', 0, 0),
	('DSE 808 ', '2171.2490146984346', 0, 0),
	('DSN 433 ', '0.024617357179522514', 0, 0),
	('DUF 105 ', '411.87212344259024', 0, 0),
	('DVB 735 ', '1911.1183579657227', 0, 0),
	('DVE 018 ', '29.413580179214478', 0, 0),
	('DVE 556 ', '47.335243225097656', 0, 0),
	('DXG 574 ', '1481.7367237140425', 0, 0),
	('DZW 084 ', '204.6159720264841', 0, 0),
	('EAO 509 ', '179.3701224848628', 0, 0),
	('EAT 859 ', '6733.148647136113', 0, 0),
	('EBF 163 ', '808.6300072073936', 0, 0),
	('ECX 788 ', '72.61796760559082', 0, 0),
	('EEW 674 ', '341.00264040287584', 0, 0),
	('EGB 693 ', '992.9257507752627', 0, 0),
	('EKN 604 ', '419.00631408940535', 0, 0),
	('EMV 519 ', '29.32243311405182', 0, 0),
	('EOK 797 ', '470.1974914073944', 0, 0),
	('EPA 117 ', '1166.4765145629644', 0, 0),
	('ERT 551 ', '1318.4755777716637', 0, 0),
	('ETA 234 ', '3.200942108873278', 0, 0),
	('EXC 253 ', '595.2491865158081', 0, 0),
	('EXJ 045 ', '347.23711736500263', 0, 0),
	('FCG 369 ', '16.508636474609375', 0, 0),
	('FEB 170 ', '0', 0, 0),
	('FFO 660 ', '683.4181370139122', 0, 0),
	('FFT 686 ', '1353.6281179785728', 0, 0),
	('FGH 269 ', '448.51481057400815', 0, 0),
	('FHV 704 ', '165.63792622089386', 0, 0),
	('FIS 003 ', '0', 0, 0),
	('FKU 276 ', '202.25849352113437', 0, 0),
	('FLM 779 ', '1422.6329857036471', 0, 0),
	('FNE 135 ', '547.8720856830478', 0, 0),
	('FNG 367 ', '76.6416384212207', 0, 0),
	('FOE 952 ', '5969.73929989466', 0, 0),
	('FOY 101 ', '0', 0, 0),
	('FPT 115 ', '12.458035591407679', 0, 0),
	('FRR 800 ', '343.64715564250946', 0, 0),
	('FRY 531 ', '44.338475942611694', 0, 0),
	('FSJ 156 ', '1141.915047943592', 0, 0),
	('FUB 967 ', '8.576074361801147', 0, 0),
	('FUE 579 ', '958.9275966838613', 0, 0),
	('FUEL549 ', '101.0642477280926', 0, 0),
	('FUI 809 ', '229.28905087383464', 0, 0),
	('FYH 102 ', '4307.890787038952', 0, 0),
	('FZI 690 ', '404.9915578663349', 0, 0),
	('GAQ 247 ', '58.926503032416804', 0, 0),
	('GBK 541 ', '8975.183034954593', 0, 0),
	('GBT 966 ', '251.8371183872223', 0, 0),
	('GCQ 252 ', '1720.1656407113187', 0, 0),
	('GCX 601 ', '4120.7948542535305', 0, 0),
	('GFP 757 ', '1483.4543813823257', 0, 0),
	('GGQ 078 ', '2015.8365729195066', 0, 0),
	('GLY 182 ', '0.20385501626878977', 0, 0),
	('GOS 519 ', '564.8554086710792', 0, 0),
	('GRD 009 ', '542.2174472480547', 0, 0),
	('GRH 907 ', '474.09902906417847', 0, 0),
	('GRK 118 ', '0', 0, 0),
	('GSD 344 ', '499.24474362831097', 0, 0),
	('GSZ 960 ', '4.792177200317383', 0, 0),
	('GTN 725 ', '1067.3624396203086', 0, 0),
	('GXB 098 ', '2441.9074347019196', 0, 0),
	('GXN 691 ', '6.9979410748928785', 0, 0),
	('HGR 777 ', '1445.8304945528507', 0, 0),
	('HGS 788 ', '6590.07484564092', 0, 0),
	('HHR 363 ', '680.3047888302244', 0, 0),
	('HHU 276 ', '0', 0, 0),
	('HIH 026 ', '364.69283586740494', 0, 0),
	('HIX 579 ', '133.03912896942347', 0, 0),
	('HLN 969 ', '3.3253184854984283', 0, 0),
	('HPD 103 ', '2152.5937336431816', 0, 0),
	('HRH 899 ', '1519.077728152275', 0, 0),
	('HSD 132 ', '12.341415405273438', 0, 0),
	('HUJ 819 ', '1736.848374609719', 0, 0),
	('HVJ 291 ', '413.8499919184178', 0, 0),
	('HXH 715 ', '414.43745006620884', 0, 0),
	('HYF 260 ', '2746.093342229724', 0, 0),
	('HYM 247 ', '1076.6903969822451', 0, 0),
	('HZF 615 ', '729.5470595117658', 0, 0),
	('HZH 549 ', '271.38203052431345', 0, 0),
	('HZX 230 ', '285.61972753921873', 0, 0),
	('IBS 018 ', '1256.625285055139', 0, 0),
	('ICT 506 ', '509.2367699949755', 0, 0),
	('IDD 612 ', '20.068080700933933', 0, 0),
	('IEG 559 ', '313.8498816471547', 0, 0),
	('IHB 538 ', '1859.5140407422587', 0, 0),
	('IIF 185 ', '1830.189481265843', 0, 0),
	('IIH 113 ', '299.34350299835205', 0, 0),
	('IJR 972 ', '509.8983301073313', 0, 0),
	('IMG 920 ', '353.25557374954224', 0, 0),
	('INB 165 ', '4276.332229206018', 0, 0),
	('INW 496 ', '1462.822817039676', 0, 0),
	('IOL 221 ', '1533.2477751970291', 0, 0),
	('IPH 736 ', '347.2878246437758', 0, 0),
	('IPU 328 ', '1674.9372174309974', 0, 0),
	('IQM 415 ', '443.66416624188423', 0, 0),
	('IRQ 497 ', '172.64109275571536', 0, 0),
	('ITV 612 ', '906.8616139246151', 0, 0),
	('IVD 606 ', '709.7935695312917', 0, 0),
	('IVL 580 ', '455.65048140008', 0, 0),
	('IYK 758 ', '1105.4264694902813', 0, 0),
	('IZZ 349 ', '196.36402589827776', 0, 0),
	('JAI 919 ', '1773.0498523491551', 0, 0),
	('JBV 803 ', '0', 0, 0),
	('JBW 159 ', '0', 0, 0),
	('JEJ 109 ', '858.2564873590309', 0, 0),
	('JHG 048 ', '265.96475816052407', 0, 0),
	('JJR 267 ', '737.5824577412568', 0, 0),
	('JLZ 913 ', '864.7084701508284', 0, 0),
	('JRA 090 ', '330.08363584647304', 0, 0),
	('JSL 702 ', '0', 0, 0),
	('JUB 104 ', '4024.7321169606366', 0, 0),
	('JUH 338 ', '206.79990013001952', 0, 0),
	('JUX 653 ', '213.2854864411056', 0, 0),
	('JWP 253 ', '845.0459642410278', 0, 0),
	('JYX 172 ', '32.587958704680204', 0, 0),
	('JZM 178 ', '45.16258239746094', 0, 0),
	('KCV 644 ', '609.8063359260559', 0, 0),
	('KFZ 561 ', '1.5134630932006985', 0, 0),
	('KGA 700 ', '432.0171675682068', 0, 0),
	('KHF 411 ', '1.0136454105377197', 0, 0),
	('KHI 193 ', '6991.603799382225', 0, 0),
	('KMP 322 ', '257.4370975494385', 0, 0),
	('KMR 722 ', '327.7174689769745', 0, 0),
	('KNP 503 ', '774.6935224629706', 0, 0),
	('KRE 082 ', '645.7621628842753', 0, 0),
	('KRE 682 ', '1.068102091550827', 0, 0),
	('KRF 633 ', '3530.401123066433', 0, 0),
	('KTU 098 ', '1322.755113686202', 0, 0),
	('KUP 049 ', '6897.171192020134', 0, 0),
	('KYF 895 ', '262.16766223311424', 0, 0),
	('KZR 276 ', '77.84090662002563', 0, 0),
	('LBN 275 ', '29.92718042433262', 0, 0),
	('LCC 805 ', '44.602967381477356', 0, 0),
	('LCD 447 ', '3211.8663155745016', 0, 0),
	('LGL 207 ', '0', 0, 0),
	('LGZ 266 ', '15.282556235790253', 0, 0),
	('LHN 421 ', '10.694816770934267', 0, 0),
	('LHP 463 ', '70.181556224823', 0, 0),
	('LJJ 222 ', '5798.369183182716', 0, 0),
	('LJK 013 ', '4128.061169628403', 0, 0),
	('LJT 078 ', '1861.4513994804583', 0, 0),
	('LNI 754 ', '61.207217251416296', 0, 0),
	('LPX 442 ', '1.6380912065505981', 0, 0),
	('LQY 759 ', '6290.8804711219855', 0, 0),
	('LRP 181 ', '515.3413680493832', 0, 0),
	('LTE 378 ', '49.113035440444946', 0, 0),
	('LUJ 118 ', '1080.7496949934866', 0, 0),
	('LZX 710 ', '31.712589740753174', 0, 0),
	('MBE 171 ', '171.1344113429077', 0, 0),
	('MCL 259 ', '567.2232743373606', 0, 0),
	('MDW 025 ', '113.06044578552246', 0, 0),
	('MGA 035 ', '1125.4555866718292', 0, 0),
	('MINE188 ', '4922.717497234873', 0, 0),
	('MJK 824 ', '0.17737920582294464', 0, 0),
	('MJL 160 ', '4890.267935340744', 0, 0),
	('MLV 780 ', '1095.9854224933079', 0, 0),
	('MOH 326 ', '269.4924440383911', 0, 0),
	('MOV 595 ', '0.16836781799793243', 0, 0),
	('MPM 322 ', '571.8968490585685', 0, 0),
	('MTJ 243 ', '232.56576335430145', 0, 0),
	('MTK 886 ', '0', 0, 0),
	('MTZ 662 ', '2046.1774329077452', 0, 0),
	('MUJ 017 ', '396.2537998082116', 0, 0),
	('MVW 368 ', '2922.6758784120902', 0, 0),
	('MXL 841 ', '74.89384566113586', 0, 0),
	('MYK 346 ', '1249.49041390419', 0, 0),
	('MYO 371 ', '9.274280335754156', 0, 0),
	('MYS 699 ', '6362.152943657304', 0, 0),
	('NBC 489 ', '2433.620450978342', 0, 0),
	('NCQ 680 ', '13.900087475776672', 0, 0),
	('NGQ 668 ', '179.33810967206955', 0, 0),
	('NHN 505 ', '1466.3991838917136', 0, 0),
	('NHS 091 ', '742.4776817560196', 0, 0),
	('NIA 037 ', '406.49879132257774', 0, 0),
	('NJA 985 ', '2984.003960482776', 0, 0),
	('NJJ 623 ', '954.6039667129517', 0, 0),
	('NMV 837 ', '257.90650494396687', 0, 0),
	('NNV 668 ', '1974.3578374572098', 0, 0),
	('NQH 747 ', '381.1978814303875', 0, 0),
	('NRL 234 ', '166.98781085014343', 0, 0),
	('NRO 121 ', '10356.982996563835', 0, 0),
	('NUB 481 ', '512.4669754505157', 0, 0),
	('NWO 210 ', '1014.3458125139587', 0, 0),
	('NXJ 962 ', '143.1488733291626', 0, 0),
	('NXP 265 ', '2286.5012116208673', 0, 0),
	('NZA 967 ', '1829.4204892516136', 0, 0),
	('NZY 546 ', '0.09648413211107254', 0, 0),
	('OAQ 401 ', '2907.182890375785', 0, 0),
	('OBF 251 ', '655.8553919046244', 0, 0),
	('OFD 767 ', '654.0463296356611', 0, 0),
	('OGU 383 ', '996.0250830352306', 0, 0),
	('OHD 806 ', '99.22816347016487', 0, 0),
	('OIC 762 ', '724.7030483484268', 0, 0),
	('OKT 210 ', '991.3915872488287', 0, 0),
	('OKW 497 ', '258.51827804744244', 0, 0),
	('OLJ 227 ', '5.744566440582275', 0, 0),
	('ONC 829 ', '748.8187605813146', 0, 0),
	('ONO 724 ', '257.32471065968275', 0, 0),
	('OQY 781 ', '16.990825295448303', 0, 0),
	('ORL 791 ', '552.5755529999733', 0, 0),
	('OSJ 003 ', '1068.0881200064905', 0, 0),
	('OSJ 081 ', '575.4174434356391', 0, 0),
	('OTT 563 ', '2531.982694988197', 0, 0),
	('OVC 622 ', '185.6341542005539', 0, 0),
	('OVI 509 ', '1564.6349465336534', 0, 0),
	('OWT 485 ', '659.1430332250893', 0, 0),
	('OWX 357 ', '9.335486829280853', 0, 0),
	('OXW 739 ', '169.4821801185608', 0, 0),
	('OYJ 430 ', '18.51240161433816', 0, 0),
	('PBP 159 ', '1043.7072237730026', 0, 0),
	('PDE 077 ', '148.6860408782959', 0, 0),
	('PFM 276 ', '2692.691265635469', 0, 0),
	('PFS 002 ', '766.1404408216476', 0, 0),
	('PFV 693 ', '433.0340232849121', 0, 0),
	('PGA 173 ', '966.5842737536877', 0, 0),
	('PGE 276 ', '92.000463783741', 0, 0),
	('PIJ 218 ', '6.191104066092521', 0, 0),
	('PIL 994 ', '205.00472247600555', 0, 0),
	('PIQ 926 ', '142.1634738445282', 0, 0),
	('PIS 210 ', '7.903441697359085', 0, 0),
	('PJG 037 ', '330.30431524291635', 0, 0),
	('PJN 491 ', '225.82085132598877', 0, 0),
	('PMI 106 ', '46.38838768005371', 0, 0),
	('PNJ 846 ', '24.240854740142822', 0, 0),
	('POS 355 ', '225.9446096420288', 0, 0),
	('PQN 883 ', '331.28599034436047', 0, 0),
	('PQO 690 ', '615.4751715228977', 0, 0),
	('PQU 286 ', '14.012569967133459', 0, 0),
	('PRO 120 ', '419.7197332744545', 0, 0),
	('PTG 293 ', '7.18634033203125', 0, 0),
	('PTK 394 ', '934.4462744891644', 0, 0),
	('PTL 244 ', '223.69805145263672', 0, 0),
	('PVG 949 ', '255.6276659667492', 0, 0),
	('PWD 747 ', '826.6704295296222', 0, 0),
	('PXE 797 ', '173.53178071975708', 0, 0),
	('PXG 121 ', '28.913341522216797', 0, 0),
	('PZF 981 ', '578.2867488861084', 0, 0),
	('QCW 738 ', '5.154017210006714', 0, 0),
	('QDM 291 ', '108.25526484753937', 0, 0),
	('QEA 568 ', '781.90698043257', 0, 0),
	('QFD 712 ', '19.508471622830257', 0, 0),
	('QFD 804 ', '275.89668175947736', 0, 0),
	('QIA 419 ', '450.6304626464844', 0, 0),
	('QMA 301 ', '1262.9926423602737', 0, 0),
	('QON 585 ', '453.4213478565216', 0, 0),
	('QPZ 619 ', '305.1488469854521', 0, 0),
	('QQG 208 ', '427.70611095428467', 0, 0),
	('QQT 214 ', '16.165253788232803', 0, 0),
	('QSW 650 ', '371.68337082862854', 0, 0),
	('QVB 194 ', '2338.026621640878', 0, 0),
	('QWA 326 ', '68.82216805790085', 0, 0),
	('QXN 418 ', '1.2383815050125122', 0, 0),
	('QYV 569 ', '603.3234259858727', 0, 0),
	('RCA 737 ', '220.62833611186943', 0, 0),
	('RDN 902 ', '452.5047743910327', 0, 0),
	('RDZ 404 ', '53.466795921325684', 0, 0),
	('RFY 202 ', '314.26799568301067', 0, 0),
	('RHI 416 ', '3009.811981150415', 0, 0),
	('RHP 394 ', '162.89191149780527', 0, 0),
	('RJB 530 ', '633.6956337746233', 0, 0),
	('RJD 225 ', '166.36296319961548', 0, 0),
	('RMW 746 ', '0', 0, 0),
	('RNF 096 ', '23.483102202415466', 0, 0),
	('RNU 443 ', '536.2143334150314', 0, 0),
	('ROS 082 ', '1198.9928930755705', 0, 0),
	('RQH 628 ', '147.22690914571285', 0, 0),
	('RQN 574 ', '2.914201259613037', 0, 0),
	('RQP 673 ', '77.11788801848888', 0, 0),
	('RQX 383 ', '739.3904294967651', 0, 0),
	('RRB 812 ', '3388.808867305517', 0, 0),
	('RRH 753 ', '1320.827914148569', 0, 0),
	('RRN 557 ', '932.2498252391815', 0, 0),
	('RTY 514 ', '3492.5750597816514', 0, 0),
	('RUU 681 ', '43.36080411076546', 0, 0),
	('RZY 834 ', '3924.23293047442', 0, 0),
	('SBD 250 ', '20.662139272433706', 0, 0),
	('SCP 964 ', '588.1729913307354', 0, 0),
	('SEL 116 ', '310.4007102836331', 0, 0),
	('SHG 965 ', '1990.3632743358612', 0, 0),
	('SIT 382 ', '0', 0, 0),
	('SLT 762 ', '1374.6571066863835', 0, 0),
	('SMG 373 ', '131.06887245178223', 0, 0),
	('SNB 592 ', '952.0994195789099', 0, 0),
	('SNE 940 ', '2276.1138267027272', 0, 0),
	('SPC 815 ', '724.764135026373', 0, 0),
	('SQG 572 ', '420.9663537493907', 0, 0),
	('SRY 505 ', '1067.5878981351852', 0, 0),
	('SSJ 578 ', '250.94816207885742', 0, 0),
	('SSK 564 ', '1897.135069936281', 0, 0),
	('SUZ 637 ', '861.3656529784203', 0, 0),
	('SVQ 227 ', '151.0324854850769', 0, 0),
	('TAH 476 ', '439.9504176485352', 0, 0),
	('TBG 279 ', '1374.4646045565605', 0, 0),
	('TEU 311 ', '0', 0, 0),
	('TFO 578 ', '2028.441626548767', 0, 0),
	('THV 568 ', '267.86585998535156', 0, 0),
	('TIK 931 ', '5631.636718985072', 0, 0),
	('TLY 270 ', '466.73651956021786', 0, 0),
	('TMM 252 ', '1441.0327190160751', 0, 0),
	('TNL 791 ', '129.57715214788914', 0, 0),
	('TNT 460 ', '1154.9338014423847', 0, 0),
	('TSQ 949 ', '4588.691514454986', 0, 0),
	('TZP 324 ', '824.5284059401602', 0, 0),
	('UCD 352 ', '170.33768306521233', 0, 0),
	('UCY 038 ', '268.68390929698944', 0, 0),
	('UFA 840 ', '321.7717395737127', 0, 0),
	('UFK 638 ', '517.0872802462836', 0, 0),
	('UGQ 353 ', '347.0678871140117', 0, 0),
	('UGU 365 ', '4335.708682360593', 0, 0),
	('UGU 683 ', '0.001202581450343132', 0, 0),
	('UHF 194 ', '124.77292363066226', 0, 0),
	('UIY 913 ', '1040.541779473424', 0, 0),
	('UJA 948 ', '298.6163518279791', 0, 0),
	('UMB 579 ', '424.8459128159884', 0, 0),
	('UQN 988 ', '52.43598234653473', 0, 0),
	('URG 336 ', '1312.1456741970032', 0, 0),
	('URO 725 ', '0', 0, 0),
	('USC 760 ', '234.324773311615', 0, 0),
	('UUI 045 ', '866.5103490352631', 0, 0),
	('UWZ 930 ', '225.9692993632052', 0, 0),
	('UXH 603 ', '612.3852038383484', 0, 0),
	('UXT 774 ', '311.0491600036621', 0, 0),
	('UZT 005 ', '161.18935086904094', 0, 0),
	('UZV 604 ', '9.414536237716675', 0, 0),
	('VBH 158 ', '741.5514565706253', 0, 0),
	('VBV 503 ', '257.3947879076004', 0, 0),
	('VBW 750 ', '2154.816286334186', 0, 0),
	('VCD 947 ', '971.7980510853231', 0, 0),
	('VCT 167 ', '28.862619400024414', 0, 0),
	('VCZ 509 ', '1.4024878442287445', 0, 0),
	('VDC 526 ', '2005.698512221279', 0, 0),
	('VDX 651 ', '33.24492593109608', 0, 0),
	('VET 343 ', '5871.891344755772', 0, 0),
	('VEW 509 ', '64.18417819961905', 0, 0),
	('VFG 210 ', '556.2864427035674', 0, 0),
	('VFI 582 ', '2990.2103307864163', 0, 0),
	('VHF 497 ', '1644.2667846452678', 0, 0),
	('VHW 005 ', '395.0778846349567', 0, 0),
	('VIP 945 ', '671.1058230944909', 0, 0),
	('VIT 792 ', '2488.240735110725', 0, 0),
	('VJD 560 ', '402.6617125241901', 0, 0),
	('VJX 954 ', '1245.1993367102114', 0, 0),
	('VKY 749 ', '465.51085158623755', 0, 0),
	('VLV 917 ', '992.6106098894961', 0, 0),
	('VON 089 ', '106.18995566705416', 0, 0),
	('VPJ 071 ', '1790.4394683098362', 0, 0),
	('VQA 441 ', '438.05580672621727', 0, 0),
	('VTJ 586 ', '1568.436571763712', 0, 0),
	('VWK 436 ', '1073.7300533214584', 0, 0),
	('VZI 931 ', '2966.6139228468674', 0, 0),
	('WAL10601', '4.686130404472351', 0, 0),
	('WAL13633', '2158.823717894731', 0, 0),
	('WAL14806', '61.93541989417281', 0, 0),
	('WAL19264', '13.155346751213074', 0, 0),
	('WAL20621', '4.257301330566406', 0, 0),
	('WAL21546', '8083.006805682555', 0, 0),
	('WAL34293', '7525.369974151254', 0, 0),
	('WAL34667', '4522.446351498365', 0, 0),
	('WAL34938', '6334.46729458007', 0, 0),
	('WAL37218', '303.57007248327136', 0, 0),
	('WAL37366', '18504.689204069087', 0, 0),
	('WAL39204', '7975.02005148679', 0, 0),
	('WAL45340', '3974.4828517067363', 0, 0),
	('WAL46098', '7737.847946643829', 0, 0),
	('WAL52994', '1540.8292908668518', 0, 0),
	('WAL60809', '4.705165505409241', 0, 0),
	('WAL64975', '5634.788956866367', 0, 0),
	('WAL66719', '1978.6699715852737', 0, 0),
	('WAL68710', '1487.5092142566573', 0, 0),
	('WAL69073', '3198.893604852259', 0, 0),
	('WAL69293', '47.716284037102014', 0, 0),
	('WAL70202', '12.470727741718292', 0, 0),
	('WAL71116', '368.4557490348816', 0, 0),
	('WAL72756', '783.7343957996345', 0, 0),
	('WAL74176', '13.221535682678223', 0, 0),
	('WAL76450', '4089.0900104194006', 0, 0),
	('WAL77266', '9576.92508385604', 0, 0),
	('WAL79829', '3294.272023696918', 0, 0),
	('WAL86297', '4.252115278795827', 0, 0),
	('WAL94048', '5031.827060738578', 0, 0),
	('WGF 871 ', '13877.536178191775', 0, 0),
	('WIA 417 ', '2029.4677686298091', 0, 0),
	('WJN 075 ', '14.302369199460372', 0, 0),
	('WKE 950 ', '111.05146786384284', 0, 0),
	('WLB 834 ', '293.3988494873047', 0, 0),
	('WMO 429 ', '38.839136316717486', 0, 0),
	('WND 146 ', '3181.7661122013815', 0, 0),
	('WQR 320 ', '141.64151016718824', 0, 0),
	('WTP 931 ', '622.5617317790166', 0, 0),
	('WVF 502 ', '688.8767925085849', 0, 0),
	('WYB 898 ', '23.021507024765015', 0, 0),
	('WYC 942 ', '9.097862720489502', 0, 0),
	('XAN 601 ', '240.3128195820609', 0, 0),
	('XCG 118 ', '189.86586419004016', 0, 0),
	('XDG 950 ', '348.83055782318115', 0, 0),
	('XDL 409 ', '14.713548392057419', 0, 0),
	('XEB 917 ', '185.1302613466978', 0, 0),
	('XHO 670 ', '518.3200935423374', 0, 0),
	('XIY 930 ', '275.1600284576416', 0, 0),
	('XJM 430 ', '217.87496984004974', 0, 0),
	('XLO 765 ', '150.15360522270203', 0, 0),
	('XPP 489 ', '0.05649182200431824', 0, 0),
	('XTW 559 ', '448.14449281059206', 0, 0),
	('XVE 510 ', '695.4581197397201', 0, 0),
	('XXG 104 ', '193.8092193568591', 0, 0),
	('XXI 924 ', '0', 0, 0),
	('YCL 729 ', '1449.7299877405167', 0, 0),
	('YDQ 200 ', '378.3066484045703', 0, 0),
	('YEN 395 ', '0', 0, 0),
	('YIH 723 ', '825.4618624446448', 0, 0),
	('YIK 557 ', '219.643755996658', 0, 0),
	('YJF 889 ', '366.5104069709778', 0, 0),
	('YJR 879 ', '3671.310454329592', 0, 0),
	('YJV 274 ', '1956.827184422611', 0, 0),
	('YNU 519 ', '567.8343706130981', 0, 0),
	('YON 786 ', '945.3733330474352', 0, 0),
	('YOR 593 ', '36.52061125636101', 0, 0),
	('YQD 406 ', '634.818598485319', 0, 0),
	('YRR 496 ', '925.2679785490036', 0, 0),
	('YSF 765 ', '824.7777869105339', 0, 0),
	('YTL 073 ', '2113.5820333063602', 0, 0),
	('YWK 830 ', '1850.506979689002', 0, 0),
	('YWX 085 ', '0', 0, 0),
	('YZA 863 ', '654.6839485168457', 0, 0),
	('YZI 378 ', '4536.1073296189425', 0, 0),
	('ZAL 808 ', '173.0716872215271', 0, 0),
	('ZBA 460 ', '468.78488516807556', 0, 0),
	('ZED 861 ', '989.0658068656921', 0, 0),
	('ZJJ 086 ', '2253.4794112294912', 0, 0),
	('ZJT 226 ', '713.7084365487099', 0, 0),
	('ZLU 470 ', '402.5500842258334', 0, 0),
	('ZNW 149 ', '81.01431374473032', 0, 0),
	('ZQB 432 ', '4.906833797693253', 0, 0),
	('ZQB 978 ', '187.17862210422754', 0, 0),
	('ZSM 442 ', '0', 0, 0),
	('ZSU 802 ', '222.84624779224396', 0, 0),
	('ZYU 708 ', '5.60572253447026', 0, 0),
	('ZZU 911 ', '448.202087700367', 0, 0);
/*!40000 ALTER TABLE `veh_km` ENABLE KEYS */;

-- Dumping structure for table essentialmode1.warrants_list
CREATE TABLE IF NOT EXISTS `warrants_list` (
  `id` int(11) NOT NULL AUTO_INCREMENT,
  `json_data` longtext NOT NULL,
  PRIMARY KEY (`id`)
) ENGINE=InnoDB DEFAULT CHARSET=utf8;

-- Dumping data for table essentialmode1.warrants_list: ~0 rows (approximately)
/*!40000 ALTER TABLE `warrants_list` DISABLE KEYS */;
/*!40000 ALTER TABLE `warrants_list` ENABLE KEYS */;

-- Dumping structure for table essentialmode1.weashops
CREATE TABLE IF NOT EXISTS `weashops` (
  `id` int(11) NOT NULL AUTO_INCREMENT,
  `zone` varchar(255) NOT NULL,
  `item` varchar(255) NOT NULL,
  `price` int(11) NOT NULL,
  PRIMARY KEY (`id`)
) ENGINE=InnoDB AUTO_INCREMENT=38 DEFAULT CHARSET=latin1;

-- Dumping data for table essentialmode1.weashops: ~23 rows (approximately)
/*!40000 ALTER TABLE `weashops` DISABLE KEYS */;
INSERT IGNORE INTO `weashops` (`id`, `zone`, `item`, `price`) VALUES
	(1, 'BlackWeashop', 'WEAPON_COMBATPISTOL', 20000),
	(2, 'GunShop', 'WEAPON_FLASHLIGHT', 60),
	(3, 'GunShop', 'WEAPON_MACHETE', 900),
	(4, 'GunShop', 'WEAPON_NIGHTSTICK', 450),
	(5, 'GunShop', 'WEAPON_BAT', 500),
	(12, 'GunShop', 'WEAPON_FIREEXTINGUISHER', 10),
	(13, 'GunShop', 'WEAPON_BALL', 5),
	(16, 'BlackWeashop', 'WEAPON_MOLOTOV', 55000),
	(17, 'GunShop', 'WEAPON_DAGGER', 2500),
	(18, 'GunShop', 'WEAPON_SWITCHBLADE', 1500),
	(19, 'GunShop', 'WEAPON_WRENCH', 45),
	(20, 'GunShop', 'WEAPON_CROWBAR', 80),
	(24, 'GunShop', 'WEAPON_StunGun', 4000),
	(27, 'GunShop', 'WEAPON_POOLCUE', 700),
	(29, 'GunShop', 'WEAPON_KNUCKLE', 500),
	(30, 'GunShop', 'WEAPON_KNIFE', 500),
	(31, 'GunShop', 'WEAPON_HAMMER', 400),
	(32, 'BlackWeashop', 'WEAPON_ASSAULTRIFLE', 80000),
	(33, 'BlackWeashop', 'WEAPON_STICKYBOMB', 25000),
	(34, 'BlackWeashop', 'WEAPON_SNIPERRIFLE', 90000),
	(35, 'BlackWeashop', 'WEAPON_ASSAULTSMG', 60000),
	(36, 'BlackWeashop', 'WEAPON_SMOKEGRENADE', 10000),
	(37, 'BlackWeashop', 'WEAPON_HEAVYPISTOL', 40000);
/*!40000 ALTER TABLE `weashops` ENABLE KEYS */;

/*!40101 SET SQL_MODE=IFNULL(@OLD_SQL_MODE, '') */;
/*!40014 SET FOREIGN_KEY_CHECKS=IF(@OLD_FOREIGN_KEY_CHECKS IS NULL, 1, @OLD_FOREIGN_KEY_CHECKS) */;
/*!40101 SET CHARACTER_SET_CLIENT=@OLD_CHARACTER_SET_CLIENT */;
