"id","receiver","sender","length","reason","unbanned"
17,"[""steam:1100001422f8cbe"",""license:433924f8a27ee2abe75aaebf9cbf82a648184d88"",""ip:103.212.227.164""]","joshisgay",,"PERMA [HNb]",0
18,"[""discord:738091223507664996"",""live:844425210278017"",""steam:11000010cbcb0f2"",""license:15cfa3cdb61adcbca4602ba793996d1a2b6daf6f"",""xbl:2535472757804718"",""ip:109.145.63.18""]","steam:11000010c61fbef",,"PERMA [HNb]",0
19,"[""steam:11000013fbf72f3"",""license:5bd3d358a63d19717bb98a7c64425aaa4bf13d31"",""xbl:2535416682342247"",""live:844429213992124"",""discord:700105252271292468"",""ip:117.20.71.139""]","steam:110000132a6cb5f",,"PERMA [HCx]",1
28,"[""license:e7d1606c61222dabf4820935ad4c34295be77a78"",""discord:259568819289194496"",""steam:110000135711e1c"",""ip:14.201.237.34""]","steam:110000118eb310f",,"PERMA [RaZx]",0
29,"[""steam:11000010287a914"",""license:0737422f5683642b368f4edcbcdf9b9bd4f8cb6f"",""live:844425656963848"",""discord:292514210410135552"",""license2:0737422f5683642b368f4edcbcdf9b9bd4f8cb6f"",""ip:118.93.184.193""]","steam:1100001158e7aa7",,"PERMA [HCx]",0
30,"[""ip:91.149.198.147"",""steam:1100001173b8af3"",""license:adce7b8de24fde9ee61570c72f21bd4a7312e06a""]","steam:110000118eb310f",,"PERMA [HCx]",0
31,"[""ip:222.152.184.193"",""live:844425033582174"",""discord:269932762499252224"",""steam:11000010b7582b1"",""xbl:2535419687036074"",""license:e62a970be27ed23882fda47c694940877fd2f7c6""]","steam:1100001158e7aa7","2021-02-02T23:02:40.000Z","1 Week [MrCx]",0
32,"[""ip:118.92.102.131"",""live:844425396354602"",""discord:588829653243002883"",""steam:11000013da8d4cf"",""xbl:2535448192217512"",""license:334949ba9f223587661884bb8b7256121b845673""]","steam:1100001158e7aa7","2021-02-02T23:02:40.000Z","1 Week [MrCx]",1
33,"[""ip:118.92.102.131"",""live:844425396354602"",""discord:588829653243002883"",""steam:11000013da8d4cf"",""xbl:2535448192217512"",""license:334949ba9f223587661884bb8b7256121b845673""]","steam:1100001158e7aa7","2021-02-02T23:02:40.000Z","1 Week [MrCx]",0
34,"[""ip:125.238.195.129"",""discord:633172680362950666"",""steam:1100001162bf6da"",""license:141e23f25cd0c83cd6b05d60ee0c449f27afe2f6""]","steam:1100001158e7aa7","2021-02-09T23:02:59.000Z","2 Week [OCx]",0
35,"[""ip:101.184.196.128"",""discord:799180027408941066"",""steam:11000013fb49757"",""license:73e00d8ca9191448ac4fd9c726b7d6e43d9af46a""]","steam:1100001097d97e2","2021-02-02T23:02:40.000Z","PERMA [HoWf]",0
36,"[""ip:203.221.214.2"",""steam:110000141b160e4"",""license:850d77729d854c9536a38c3622019a500dbc33a7"",""discord:255949931951423488""]","steam:110000132a6cb5f",,"HCx [Perma]",0
37,"[""ip:120.155.163.5"",""steam:1100001128ffeba"",""live:914801368628949"",""xbl:2535428605176240"",""license:03d4cb7a84aca4106beaa6963eb819c3b1d45451"",""discord:640428604395880468""]","steam:110000132a6cb5f",,"Report To HelpDesk. TS.TassieRP.com",0